partner_id,region,vertical,partner_tier,months_as_partner,nps_score,nps_trend,support_tickets_last_quarter,avg_resolution_time_days,engagement_score,days_since_last_contact,num_active_deals,has_competitor_relationship,churn_probability,churned_next_quarter
partner_1,LATAM,Retail,Certified,38,7,improving,3,6.0,41.3,65,3,0,0.1476,0
partner_2,NA,Tech,Registered,51,9,stable,1,3.4,97.6,39,3,0,0.0023,0
partner_3,APAC,Retail,Strategic,40,7,stable,2,2.5,68.4,7,2,0,0.0013,0
partner_4,LATAM,Retail,Certified,37,10,improving,2,2.2,92.0,30,5,1,0.0022,0
partner_5,EMEA,Manufacturing,Registered,30,7,declining,5,6.5,33.7,27,1,1,0.2245,0
partner_6,APAC,Tech,Strategic,17,10,improving,0,0.7,62.1,0,4,0,0.0002,0
partner_7,LATAM,Services,Registered,19,4,declining,6,5.2,12.8,86,0,1,0.9936,1
partner_8,LATAM,Tech,Registered,46,10,stable,0,1.7,78.7,2,4,0,0.0001,0
partner_9,EMEA,Manufacturing,Registered,7,7,stable,3,3.9,52.5,22,1,0,0.0239,0
partner_10,NA,Tech,Certified,7,5,improving,6,3.2,43.1,63,2,1,0.1258,0
partner_11,NA,Manufacturing,Registered,26,4,stable,2,2.3,22.7,28,1,0,0.0893,0
partner_12,APAC,Manufacturing,Registered,47,7,improving,2,2.3,62.3,30,2,0,0.0029,0
partner_13,LATAM,Tech,Registered,41,5,declining,7,2.9,39.9,49,1,1,0.2313,0
partner_14,APAC,Services,Registered,37,9,stable,1,2.3,37.4,36,2,1,0.001,0
partner_15,NA,Tech,Registered,33,5,improving,3,3.5,36.2,69,0,1,0.2562,0
partner_16,EMEA,Retail,Certified,9,10,improving,0,0.9,87.6,0,6,0,0.0,0
partner_17,NA,Manufacturing,Registered,22,2,stable,5,6.1,29.5,48,0,1,0.8839,1
partner_18,EMEA,Services,Registered,7,4,improving,3,4.8,34.0,78,0,1,0.5033,0
partner_19,APAC,Retail,Certified,46,6,improving,2,2.9,56.7,8,0,1,0.0537,0
partner_20,LATAM,Tech,Registered,46,8,stable,3,5.9,71.3,45,1,1,0.0269,0
partner_21,LATAM,Services,Certified,17,10,improving,1,4.9,49.8,32,2,1,0.0168,0
partner_22,NA,Manufacturing,Registered,19,4,declining,5,5.7,45.0,65,1,1,0.4503,1
partner_23,APAC,Services,Registered,21,5,declining,1,4.5,73.5,45,1,0,0.1157,0
partner_24,APAC,Tech,Registered,54,5,stable,2,1.9,70.0,36,1,0,0.0167,0
partner_25,LATAM,Manufacturing,Registered,31,7,improving,3,2.3,65.3,33,1,0,0.0153,0
partner_26,EMEA,Tech,Registered,47,8,declining,1,2.7,55.1,45,2,1,0.0914,0
partner_27,NA,Services,Certified,29,7,stable,3,1.8,28.9,51,1,1,0.0802,0
partner_28,EMEA,Tech,Registered,43,7,declining,5,3.6,63.7,0,3,1,0.0389,0
partner_29,EMEA,Manufacturing,Certified,33,6,improving,2,7.3,27.2,44,2,1,0.4461,0
partner_30,LATAM,Tech,Certified,19,3,stable,4,4.8,35.4,73,0,1,0.8144,1
partner_31,LATAM,Manufacturing,Registered,53,6,improving,3,6.4,61.9,35,1,0,0.0267,0
partner_32,APAC,Manufacturing,Certified,44,3,stable,5,6.4,29.2,60,1,0,0.5347,0
partner_33,NA,Tech,Registered,47,4,stable,9,3.6,32.6,82,0,1,0.9479,1
partner_34,NA,Services,Registered,57,4,declining,6,4.5,16.7,56,0,1,0.5314,0
partner_35,NA,Tech,Registered,17,7,improving,3,3.2,44.6,47,0,1,0.0498,0
partner_36,EMEA,Manufacturing,Certified,8,8,improving,2,4.3,49.1,3,0,0,0.0072,0
partner_37,EMEA,Tech,Strategic,36,4,stable,7,4.9,32.7,48,1,1,0.2281,0
partner_38,NA,Tech,Registered,21,6,improving,1,5.5,71.1,42,4,1,0.0255,0
partner_39,EMEA,Tech,Certified,28,4,stable,8,5.6,38.5,57,0,1,0.9346,1
partner_40,LATAM,Retail,Certified,16,6,declining,4,5.4,35.8,42,0,1,0.2629,1
partner_41,NA,Retail,Registered,26,6,declining,7,3.6,42.7,66,1,1,0.2377,0
partner_42,APAC,Manufacturing,Certified,25,7,improving,0,0.5,62.0,33,4,0,0.002,0
partner_43,LATAM,Manufacturing,Certified,23,10,improving,0,1.9,88.6,10,3,0,0.0002,0
partner_44,NA,Manufacturing,Strategic,46,5,stable,6,3.7,37.8,8,3,1,0.1029,0
partner_45,APAC,Retail,Strategic,37,7,improving,1,3.5,60.4,35,4,0,0.0026,0
partner_46,APAC,Tech,Registered,30,4,stable,3,5.6,26.3,7,4,1,0.5565,1
partner_47,NA,Retail,Registered,9,8,improving,0,2.7,100.0,14,3,0,0.008,0
partner_48,EMEA,Services,Certified,36,9,stable,3,4.4,77.6,74,1,1,0.0436,0
partner_49,LATAM,Services,Registered,13,9,declining,4,4.6,98.9,44,5,0,0.0025,0
partner_50,EMEA,Retail,Registered,21,8,improving,1,2.6,82.8,35,3,0,0.0054,0
partner_51,EMEA,Manufacturing,Strategic,27,6,stable,7,3.4,47.3,35,2,1,0.4081,1
partner_52,EMEA,Retail,Registered,11,10,improving,0,4.6,50.0,43,3,0,0.0062,0
partner_53,LATAM,Retail,Registered,25,8,stable,0,3.0,86.5,30,4,0,0.0044,0
partner_54,LATAM,Retail,Certified,18,3,improving,4,4.0,74.2,0,1,0,0.0206,0
partner_55,LATAM,Retail,Registered,52,10,improving,2,1.8,42.0,22,2,1,0.0265,0
partner_56,LATAM,Manufacturing,Registered,52,5,stable,8,4.5,54.3,54,0,1,0.6268,1
partner_57,NA,Services,Strategic,3,8,declining,0,2.9,74.2,18,3,0,0.0001,0
partner_58,NA,Retail,Registered,37,8,declining,2,2.4,50.1,65,1,0,0.0379,0
partner_59,EMEA,Tech,Registered,40,6,improving,5,5.3,53.5,27,3,1,0.0199,0
partner_60,EMEA,Manufacturing,Registered,24,7,improving,4,4.8,36.7,69,0,1,0.8428,1
partner_61,LATAM,Services,Strategic,30,8,stable,0,0.5,66.9,0,6,0,0.0029,0
partner_62,NA,Manufacturing,Registered,48,10,improving,0,1.5,87.6,25,4,0,0.0005,0
partner_63,NA,Retail,Certified,24,4,declining,1,6.5,9.6,52,0,1,0.9261,1
partner_64,LATAM,Manufacturing,Registered,6,4,stable,7,3.7,38.6,65,0,1,0.2514,0
partner_65,LATAM,Tech,Registered,24,7,declining,3,6.4,70.3,59,4,0,0.0054,0
partner_66,NA,Services,Strategic,17,8,improving,0,2.6,67.8,0,5,0,0.0009,0
partner_67,NA,Tech,Certified,25,9,declining,0,6.5,79.3,75,3,0,0.0093,0
partner_68,NA,Manufacturing,Strategic,16,7,declining,5,1.9,26.7,109,2,0,0.6388,1
partner_69,EMEA,Retail,Registered,11,8,improving,2,1.3,65.0,24,2,0,0.0213,0
partner_70,NA,Tech,Certified,60,6,improving,1,2.5,67.9,58,3,0,0.011,0
partner_71,EMEA,Services,Strategic,10,1,declining,3,3.5,50.4,86,0,1,0.9577,1
partner_72,NA,Manufacturing,Registered,43,6,declining,3,2.3,73.3,47,3,1,0.0286,0
partner_73,APAC,Tech,Registered,44,8,improving,1,4.8,37.9,8,2,0,0.0002,0
partner_74,EMEA,Services,Strategic,38,7,stable,3,2.4,57.2,12,4,0,0.0167,0
partner_75,EMEA,Services,Registered,55,6,improving,8,1.5,72.9,36,1,1,0.02,0
partner_76,EMEA,Tech,Certified,3,8,stable,1,3.6,57.6,26,2,1,0.0405,0
partner_77,EMEA,Tech,Strategic,20,6,improving,6,7.1,13.7,40,0,1,0.2986,0
partner_78,LATAM,Tech,Registered,13,10,improving,0,0.5,83.1,0,4,0,0.0001,0
partner_79,NA,Manufacturing,Registered,36,2,stable,7,3.4,51.6,88,0,1,0.892,1
partner_80,LATAM,Tech,Registered,39,9,declining,1,2.5,58.1,55,6,0,0.0228,0
partner_81,LATAM,Retail,Registered,55,7,declining,3,1.8,37.3,23,2,0,0.0172,0
partner_82,NA,Services,Registered,25,7,improving,6,3.4,49.2,91,0,1,0.3855,0
partner_83,APAC,Services,Certified,16,7,improving,5,6.1,38.2,18,0,1,0.085,0
partner_84,EMEA,Services,Registered,56,4,declining,4,3.9,51.5,30,0,1,0.0963,0
partner_85,EMEA,Services,Certified,42,8,stable,2,4.3,48.6,3,1,0,0.056,1
partner_86,EMEA,Manufacturing,Registered,47,3,stable,5,5.2,46.5,17,1,1,0.2165,1
partner_87,LATAM,Services,Registered,28,10,improving,0,0.5,100.0,18,6,0,0.0,0
partner_88,NA,Services,Registered,28,5,improving,3,2.4,34.3,36,1,1,0.1834,0
partner_89,EMEA,Tech,Certified,25,5,improving,6,6.2,52.2,57,0,0,0.1146,0
partner_90,NA,Tech,Registered,46,5,improving,4,4.7,51.0,50,1,1,0.584,1
partner_91,EMEA,Retail,Registered,15,8,stable,1,2.8,51.2,0,3,0,0.0024,0
partner_92,LATAM,Manufacturing,Strategic,59,8,declining,0,2.1,96.2,0,0,0,0.0025,0
partner_93,NA,Retail,Certified,13,8,improving,0,1.9,57.7,0,2,1,0.0036,0
partner_94,NA,Retail,Registered,29,6,improving,2,4.1,28.6,37,1,0,0.0332,1
partner_95,NA,Manufacturing,Strategic,21,7,declining,3,2.2,37.3,51,2,1,0.1579,1
partner_96,LATAM,Tech,Registered,40,8,improving,2,4.6,35.8,25,4,1,0.0295,0
partner_97,NA,Retail,Registered,42,9,declining,0,0.5,78.1,0,5,1,0.0004,0
partner_98,EMEA,Services,Registered,56,6,stable,0,6.0,53.9,40,1,0,0.0182,0
partner_99,EMEA,Services,Registered,48,6,declining,8,5.1,52.9,69,1,1,0.6906,1
partner_100,APAC,Retail,Registered,17,4,improving,2,4.0,52.1,9,1,0,0.0087,0
partner_101,APAC,Retail,Certified,14,7,stable,6,2.9,42.8,27,0,1,0.7394,1
partner_102,LATAM,Tech,Registered,54,5,stable,7,6.6,44.2,73,0,1,0.3024,0
partner_103,EMEA,Services,Certified,31,5,declining,2,2.9,75.6,0,0,1,0.1105,0
partner_104,APAC,Services,Strategic,8,8,stable,1,2.3,79.6,0,2,0,0.0007,0
partner_105,LATAM,Retail,Certified,50,5,improving,2,3.0,38.8,73,0,0,0.1361,1
partner_106,LATAM,Services,Certified,40,8,declining,4,0.5,71.4,21,1,1,0.0163,0
partner_107,NA,Retail,Certified,4,5,declining,3,6.1,69.8,41,1,0,0.1711,0
partner_108,EMEA,Tech,Strategic,48,8,improving,1,3.8,64.1,5,4,0,0.0032,0
partner_109,EMEA,Services,Registered,38,7,improving,3,3.3,49.7,66,2,1,0.0737,0
partner_110,APAC,Retail,Registered,38,5,declining,3,7.0,44.2,42,1,1,0.2657,0
partner_111,NA,Retail,Certified,53,6,stable,8,4.1,35.9,66,1,0,0.2543,0
partner_112,EMEA,Tech,Certified,31,9,improving,2,4.8,56.1,19,5,1,0.0066,0
partner_113,NA,Manufacturing,Registered,29,5,stable,4,2.2,37.2,30,0,1,0.0648,0
partner_114,NA,Services,Certified,38,8,stable,1,2.3,75.2,23,1,1,0.0307,0
partner_115,EMEA,Services,Registered,14,6,stable,4,3.1,67.5,19,6,1,0.0847,0
partner_116,APAC,Retail,Strategic,11,9,declining,0,2.1,39.5,27,0,1,0.1421,0
partner_117,LATAM,Retail,Registered,51,4,stable,6,3.1,42.4,33,0,1,0.0332,0
partner_118,LATAM,Services,Registered,15,5,stable,2,4.3,36.2,19,2,0,0.0481,0
partner_119,NA,Retail,Registered,32,6,improving,9,4.3,35.7,67,0,1,0.5964,1
partner_120,LATAM,Services,Registered,18,9,improving,0,1.6,80.6,22,7,0,0.001,0
partner_121,NA,Manufacturing,Registered,16,8,declining,1,1.8,83.3,2,1,1,0.0003,0
partner_122,LATAM,Retail,Registered,37,2,stable,5,6.5,30.2,94,2,1,0.9909,1
partner_123,EMEA,Services,Registered,49,5,stable,3,2.4,50.1,33,1,1,0.3901,0
partner_124,NA,Retail,Registered,28,9,declining,1,3.5,39.8,52,5,0,0.033,0
partner_125,EMEA,Tech,Registered,11,8,stable,1,1.9,51.9,0,2,0,0.005,0
partner_126,NA,Manufacturing,Registered,17,10,improving,0,1.0,77.4,4,6,0,0.0015,0
partner_127,NA,Tech,Registered,12,8,stable,0,0.5,100.0,0,7,0,0.0023,0
partner_128,EMEA,Manufacturing,Registered,54,6,declining,1,2.7,54.4,7,3,1,0.0294,0
partner_129,EMEA,Manufacturing,Registered,21,4,stable,2,3.3,47.0,54,1,1,0.0384,0
partner_130,NA,Services,Registered,24,6,stable,2,4.9,46.8,56,0,1,0.2006,0
partner_131,EMEA,Services,Registered,7,1,stable,2,10.0,26.6,50,0,1,0.458,1
partner_132,APAC,Tech,Certified,28,8,stable,4,4.1,40.2,43,1,1,0.0926,0
partner_133,NA,Retail,Strategic,56,5,stable,4,5.8,39.6,66,0,1,0.4066,0
partner_134,NA,Manufacturing,Strategic,26,6,declining,3,2.2,43.5,21,2,1,0.0245,0
partner_135,NA,Services,Certified,40,6,declining,0,3.4,65.6,45,0,1,0.0088,0
partner_136,EMEA,Tech,Certified,13,8,declining,1,2.2,62.7,22,4,0,0.0535,0
partner_137,APAC,Tech,Registered,11,9,stable,0,1.9,76.0,19,3,1,0.002,0
partner_138,NA,Tech,Certified,45,2,declining,7,3.8,3.6,97,0,0,0.9198,1
partner_139,LATAM,Retail,Certified,6,5,declining,3,4.8,44.6,37,4,1,0.2978,0
partner_140,EMEA,Manufacturing,Certified,29,7,stable,3,2.8,34.2,19,0,1,0.0221,0
partner_141,NA,Tech,Strategic,21,2,improving,7,3.3,48.6,75,0,1,0.8471,1
partner_142,NA,Services,Registered,3,6,stable,1,5.3,70.9,45,4,1,0.018,0
partner_143,APAC,Services,Certified,33,6,stable,1,5.1,26.6,0,3,0,0.0079,0
partner_144,NA,Services,Certified,58,4,improving,5,2.6,28.3,5,2,1,0.2243,0
partner_145,NA,Tech,Registered,7,10,improving,0,3.1,98.2,16,5,0,0.0,0
partner_146,EMEA,Tech,Strategic,50,7,stable,3,1.4,47.6,27,6,1,0.0321,0
partner_147,NA,Manufacturing,Registered,34,6,stable,5,2.1,63.1,43,4,1,0.0253,0
partner_148,NA,Services,Strategic,44,6,declining,3,1.1,63.2,20,1,1,0.1186,0
partner_149,NA,Tech,Certified,8,8,stable,0,1.1,82.8,21,2,1,0.0002,0
partner_150,EMEA,Services,Registered,53,7,stable,2,3.3,72.2,49,1,0,0.0088,0
partner_151,APAC,Retail,Certified,3,8,stable,1,0.9,48.3,0,1,0,0.0008,0
partner_152,APAC,Services,Registered,55,7,improving,1,1.6,66.9,0,5,1,0.0078,0
partner_153,EMEA,Retail,Certified,41,7,declining,4,1.6,47.1,60,3,1,0.1064,0
partner_154,NA,Retail,Certified,22,5,declining,4,5.3,37.4,66,0,1,0.1956,0
partner_155,EMEA,Tech,Certified,3,4,stable,7,5.2,12.4,73,0,1,0.975,1
partner_156,LATAM,Retail,Strategic,38,5,improving,4,6.0,62.6,89,0,0,0.3925,1
partner_157,EMEA,Retail,Registered,8,7,declining,4,0.8,47.6,59,0,1,0.6108,1
partner_158,LATAM,Retail,Registered,38,5,improving,7,5.9,51.8,49,2,1,0.2561,1
partner_159,LATAM,Tech,Registered,47,5,stable,1,5.7,36.1,21,2,1,0.1925,1
partner_160,LATAM,Services,Registered,18,9,declining,2,1.5,84.7,46,5,0,0.0023,0
partner_161,EMEA,Retail,Registered,16,6,declining,1,2.4,80.3,57,1,0,0.0332,0
partner_162,APAC,Manufacturing,Registered,15,7,declining,4,3.5,73.2,35,1,1,0.0054,0
partner_163,EMEA,Services,Registered,16,6,declining,5,6.3,22.4,96,1,1,0.7602,1
partner_164,EMEA,Retail,Registered,9,10,stable,1,0.5,94.2,28,5,1,0.0004,0
partner_165,NA,Retail,Strategic,17,6,stable,1,2.1,76.4,30,5,0,0.0007,0
partner_166,NA,Services,Registered,41,8,stable,0,2.7,66.9,42,5,0,0.0024,0
partner_167,APAC,Services,Strategic,20,7,stable,2,4.4,47.8,61,0,1,0.2771,0
partner_168,APAC,Tech,Registered,48,4,stable,10,3.9,72.1,61,3,0,0.1251,0
partner_169,NA,Services,Registered,50,4,stable,4,2.4,20.6,17,1,1,0.1089,0
partner_170,APAC,Retail,Certified,47,10,improving,0,0.5,84.0,4,8,0,0.0001,0
partner_171,EMEA,Tech,Registered,34,6,improving,4,2.7,55.8,27,1,0,0.0024,0
partner_172,NA,Manufacturing,Registered,21,4,stable,4,3.2,18.1,44,0,0,0.6331,1
partner_173,EMEA,Retail,Certified,56,6,improving,1,4.3,70.3,21,1,1,0.0181,0
partner_174,APAC,Services,Registered,14,8,stable,2,2.3,74.9,17,3,1,0.0076,0
partner_175,EMEA,Tech,Registered,29,4,stable,5,2.1,58.8,53,1,1,0.0493,0
partner_176,EMEA,Services,Certified,29,2,declining,10,8.8,9.1,50,0,1,0.9678,1
partner_177,NA,Tech,Registered,46,4,stable,2,4.6,62.3,10,2,0,0.0739,0
partner_178,APAC,Tech,Certified,34,6,stable,2,3.7,52.6,36,1,1,0.0171,0
partner_179,APAC,Retail,Registered,49,9,stable,2,2.9,48.9,60,1,1,0.0119,0
partner_180,LATAM,Retail,Strategic,56,5,improving,1,3.6,42.3,45,0,1,0.125,0
partner_181,APAC,Services,Certified,25,8,stable,0,1.2,88.8,18,2,0,0.0001,0
partner_182,APAC,Retail,Strategic,53,7,stable,4,1.8,45.8,34,0,1,0.0148,0
partner_183,NA,Retail,Certified,12,6,improving,5,3.2,75.8,93,3,1,0.3272,1
partner_184,NA,Retail,Registered,56,7,declining,2,1.9,46.4,68,2,1,0.0777,0
partner_185,LATAM,Retail,Certified,13,8,declining,0,4.7,59.3,25,4,0,0.0293,0
partner_186,LATAM,Services,Registered,52,7,improving,0,1.1,76.9,15,3,0,0.0005,0
partner_187,NA,Tech,Certified,25,7,improving,2,5.1,42.5,28,3,1,0.036,0
partner_188,EMEA,Services,Certified,58,7,stable,4,1.9,40.5,72,1,0,0.1254,0
partner_189,LATAM,Retail,Registered,10,6,stable,2,4.5,78.5,15,2,0,0.0534,0
partner_190,EMEA,Manufacturing,Strategic,29,3,improving,2,2.2,24.6,33,0,1,0.1804,0
partner_191,APAC,Tech,Registered,55,9,improving,0,1.1,95.1,36,8,0,0.0003,0
partner_192,EMEA,Tech,Certified,5,3,declining,7,4.7,51.5,103,0,1,0.6627,0
partner_193,EMEA,Services,Certified,18,7,improving,2,3.1,56.6,27,1,0,0.0972,0
partner_194,APAC,Services,Registered,7,9,stable,2,1.1,71.5,27,6,1,0.0031,0
partner_195,EMEA,Services,Certified,21,6,stable,0,4.6,82.0,24,2,1,0.0301,0
partner_196,EMEA,Retail,Certified,25,7,improving,6,5.7,32.2,74,0,1,0.6377,1
partner_197,NA,Retail,Registered,38,5,stable,5,3.6,43.3,84,8,0,0.1502,1
partner_198,APAC,Manufacturing,Certified,17,6,improving,5,1.8,41.4,56,1,1,0.2619,0
partner_199,EMEA,Retail,Registered,12,5,stable,3,4.8,54.9,44,0,0,0.0294,0
partner_200,NA,Manufacturing,Certified,12,8,improving,2,4.9,33.5,44,3,1,0.03,0
partner_201,LATAM,Manufacturing,Registered,57,8,improving,10,2.7,16.6,67,1,1,0.3165,0
partner_202,APAC,Manufacturing,Strategic,58,5,stable,7,3.1,48.8,28,0,1,0.0724,0
partner_203,NA,Services,Strategic,15,8,improving,0,2.4,63.2,35,2,0,0.0899,0
partner_204,EMEA,Manufacturing,Registered,14,7,improving,1,2.5,65.0,32,0,0,0.003,0
partner_205,EMEA,Retail,Registered,6,5,declining,4,2.2,42.7,18,0,1,0.1768,0
partner_206,EMEA,Retail,Certified,58,6,stable,2,4.6,58.9,39,0,1,0.015,0
partner_207,EMEA,Manufacturing,Certified,43,9,stable,0,3.5,93.8,4,8,0,0.0002,0
partner_208,LATAM,Tech,Registered,47,4,declining,6,5.1,31.4,56,0,0,0.5321,0
partner_209,EMEA,Retail,Registered,19,7,improving,1,1.5,44.1,68,4,0,0.2278,0
partner_210,NA,Tech,Registered,40,5,stable,7,3.0,52.6,58,0,0,0.0807,0
partner_211,LATAM,Services,Strategic,6,10,stable,1,4.9,61.5,14,6,0,0.0008,0
partner_212,NA,Services,Registered,42,4,stable,5,3.3,29.0,60,2,1,0.3129,0
partner_213,EMEA,Manufacturing,Strategic,36,6,improving,4,5.1,53.3,51,0,1,0.1001,0
partner_214,APAC,Tech,Registered,22,10,stable,3,0.5,50.9,18,4,0,0.0028,0
partner_215,LATAM,Retail,Strategic,44,4,declining,6,3.0,34.1,79,1,1,0.5802,1
partner_216,LATAM,Tech,Registered,40,5,stable,1,6.1,42.7,84,0,1,0.2871,0
partner_217,EMEA,Tech,Registered,28,9,declining,0,1.0,85.8,41,10,0,0.0001,0
partner_218,EMEA,Manufacturing,Strategic,13,8,improving,4,2.0,67.6,33,5,1,0.0101,0
partner_219,APAC,Manufacturing,Strategic,4,9,declining,2,3.3,85.7,36,4,0,0.0099,0
partner_220,NA,Retail,Registered,57,8,stable,3,2.8,44.4,27,1,0,0.0022,0
partner_221,NA,Retail,Registered,19,6,improving,3,4.8,34.5,49,2,1,0.1126,0
partner_222,NA,Retail,Registered,20,5,improving,5,2.5,35.8,16,2,1,0.0024,0
partner_223,LATAM,Services,Registered,42,6,improving,0,3.7,51.7,60,4,1,0.0302,0
partner_224,APAC,Manufacturing,Registered,17,10,stable,0,2.9,82.6,49,3,1,0.0024,0
partner_225,EMEA,Retail,Strategic,24,4,declining,6,3.8,76.5,32,0,1,0.0647,0
partner_226,APAC,Services,Registered,44,8,improving,3,0.9,75.2,64,3,1,0.0044,0
partner_227,EMEA,Tech,Certified,37,9,stable,1,2.1,40.3,41,3,1,0.0098,0
partner_228,NA,Tech,Registered,41,8,stable,2,1.5,79.5,17,3,0,0.0005,0
partner_229,LATAM,Services,Registered,3,6,declining,2,3.5,31.7,55,1,1,0.309,0
partner_230,EMEA,Retail,Certified,29,6,declining,7,3.6,33.4,72,2,0,0.4463,1
partner_231,EMEA,Retail,Registered,30,10,improving,0,0.5,100.0,19,5,0,0.0001,0
partner_232,NA,Manufacturing,Certified,39,10,declining,2,4.2,78.0,53,1,1,0.0189,0
partner_233,APAC,Retail,Registered,11,7,stable,6,3.2,58.2,45,0,1,0.1904,0
partner_234,NA,Manufacturing,Strategic,12,8,declining,6,3.9,39.5,27,2,0,0.0529,0
partner_235,APAC,Retail,Certified,47,7,stable,3,5.7,85.7,42,0,0,0.0184,0
partner_236,APAC,Retail,Strategic,42,9,improving,0,2.0,97.9,13,4,0,0.0001,0
partner_237,NA,Retail,Registered,50,3,declining,11,7.0,9.9,66,0,1,0.8717,1
partner_238,LATAM,Tech,Registered,18,8,stable,2,2.5,100.0,13,2,0,0.0011,0
partner_239,EMEA,Retail,Registered,60,10,declining,0,3.3,84.5,0,2,0,0.0043,0
partner_240,EMEA,Retail,Certified,18,7,improving,2,3.3,53.1,55,1,0,0.0336,0
partner_241,APAC,Services,Registered,40,8,improving,2,1.0,53.0,19,5,0,0.0011,0
partner_242,LATAM,Tech,Registered,12,6,stable,4,4.5,6.7,56,2,1,0.447,0
partner_243,EMEA,Tech,Registered,56,2,improving,3,4.7,56.3,44,0,1,0.4929,1
partner_244,NA,Retail,Registered,22,7,improving,5,4.1,37.4,46,0,1,0.396,0
partner_245,LATAM,Tech,Registered,49,6,stable,1,2.4,46.5,21,2,1,0.0223,0
partner_246,APAC,Retail,Registered,22,7,declining,7,6.2,48.0,53,0,0,0.2224,0
partner_247,LATAM,Manufacturing,Registered,48,8,stable,1,3.3,63.1,13,3,1,0.0023,0
partner_248,NA,Retail,Certified,29,6,declining,8,4.0,41.5,39,0,1,0.1025,0
partner_249,NA,Services,Registered,6,6,improving,2,5.3,47.9,29,2,1,0.0297,0
partner_250,NA,Services,Registered,14,5,stable,5,6.3,20.1,33,1,1,0.3242,0
partner_251,LATAM,Retail,Certified,42,6,improving,1,3.4,53.2,11,5,0,0.0188,0
partner_252,APAC,Retail,Certified,14,4,stable,2,2.4,42.8,58,0,0,0.0183,0
partner_253,NA,Retail,Registered,18,5,stable,6,5.1,11.8,30,0,1,0.3857,0
partner_254,EMEA,Manufacturing,Certified,34,7,stable,6,3.6,30.0,55,0,1,0.5187,1
partner_255,EMEA,Retail,Strategic,17,10,stable,1,4.8,98.7,44,7,0,0.0001,0
partner_256,LATAM,Services,Certified,10,9,improving,4,2.4,50.3,27,0,0,0.011,0
partner_257,APAC,Services,Strategic,39,6,declining,1,5.5,81.2,43,1,0,0.2187,0
partner_258,EMEA,Services,Certified,42,1,declining,6,4.8,44.4,60,0,1,0.9538,1
partner_259,EMEA,Tech,Registered,45,4,stable,2,3.8,51.1,55,2,0,0.0421,0
partner_260,NA,Services,Registered,57,5,declining,1,3.3,28.4,20,1,0,0.1527,0
partner_261,EMEA,Retail,Certified,10,8,declining,2,3.8,45.0,49,2,1,0.0794,0
partner_262,APAC,Tech,Strategic,27,6,declining,4,2.5,57.2,46,1,1,0.3767,0
partner_263,NA,Tech,Registered,16,6,improving,6,3.2,68.9,89,1,0,0.1564,0
partner_264,EMEA,Services,Registered,55,10,stable,1,0.5,83.5,0,5,0,0.0001,0
partner_265,APAC,Manufacturing,Certified,34,3,declining,12,2.7,14.4,63,0,1,0.8905,1
partner_266,EMEA,Services,Registered,8,8,improving,0,1.2,87.6,19,5,0,0.0001,0
partner_267,EMEA,Retail,Certified,43,8,stable,2,5.3,53.0,55,1,0,0.0175,0
partner_268,EMEA,Services,Certified,5,5,declining,7,5.4,0.9,59,0,1,0.6655,1
partner_269,EMEA,Tech,Certified,18,8,declining,3,2.6,61.4,55,2,1,0.0988,0
partner_270,EMEA,Tech,Strategic,44,10,improving,0,5.7,74.9,15,5,0,0.0003,0
partner_271,EMEA,Services,Certified,32,5,declining,5,1.0,51.9,57,0,0,0.421,1
partner_272,EMEA,Tech,Certified,47,6,stable,1,4.1,35.2,8,1,1,0.0793,0
partner_273,EMEA,Tech,Certified,36,4,declining,8,3.1,26.1,65,0,1,0.8781,1
partner_274,NA,Manufacturing,Certified,51,6,improving,3,3.5,71.1,70,3,1,0.0333,1
partner_275,LATAM,Retail,Strategic,35,5,stable,3,2.8,34.5,26,0,1,0.125,0
partner_276,NA,Tech,Registered,6,6,improving,4,3.3,32.0,43,3,0,0.1554,0
partner_277,NA,Retail,Certified,7,5,improving,1,4.3,56.1,18,3,1,0.0624,0
partner_278,NA,Retail,Registered,48,9,improving,0,1.7,88.5,26,4,0,0.001,0
partner_279,APAC,Services,Strategic,5,7,declining,1,2.2,79.4,33,3,1,0.01,0
partner_280,APAC,Manufacturing,Certified,24,5,stable,5,2.4,35.9,70,0,0,0.0677,0
partner_281,EMEA,Tech,Registered,3,3,stable,8,6.5,22.8,66,0,0,0.737,1
partner_282,EMEA,Tech,Registered,20,4,declining,6,4.8,28.0,62,0,1,0.9394,1
partner_283,EMEA,Tech,Registered,37,5,declining,3,1.5,48.0,36,3,1,0.0782,0
partner_284,EMEA,Manufacturing,Certified,13,7,stable,3,0.5,69.5,35,5,1,0.0289,0
partner_285,NA,Services,Registered,30,5,stable,2,4.6,39.3,51,1,0,0.1654,0
partner_286,NA,Services,Registered,60,7,improving,5,2.6,43.2,42,1,1,0.0211,0
partner_287,EMEA,Tech,Strategic,7,5,stable,3,5.1,7.7,89,0,1,0.8736,1
partner_288,NA,Tech,Certified,6,8,declining,6,7.9,44.2,68,2,0,0.2161,0
partner_289,NA,Tech,Registered,18,3,stable,7,5.5,52.1,87,1,0,0.7672,1
partner_290,EMEA,Manufacturing,Registered,50,6,declining,1,3.3,47.4,13,4,1,0.0044,0
partner_291,APAC,Tech,Strategic,26,5,improving,1,1.2,32.4,27,2,0,0.0225,0
partner_292,EMEA,Manufacturing,Certified,40,8,improving,3,5.2,88.5,51,2,1,0.0173,0
partner_293,APAC,Manufacturing,Certified,4,6,improving,3,4.3,39.0,30,2,1,0.2294,0
partner_294,EMEA,Tech,Registered,45,6,improving,2,6.7,75.6,65,2,0,0.0782,0
partner_295,APAC,Tech,Registered,6,6,stable,1,2.8,62.9,37,2,0,0.0219,0
partner_296,APAC,Tech,Registered,44,6,declining,6,2.7,60.2,54,0,0,0.0892,0
partner_297,APAC,Retail,Certified,11,6,declining,1,6.1,47.9,38,2,1,0.6496,1
partner_298,APAC,Retail,Registered,52,5,declining,4,4.8,19.5,54,0,1,0.5054,0
partner_299,LATAM,Manufacturing,Registered,20,6,stable,2,6.2,13.9,85,2,0,0.7089,0
partner_300,LATAM,Tech,Certified,13,5,improving,5,2.2,42.3,75,1,0,0.0964,0
partner_301,LATAM,Retail,Strategic,22,6,improving,6,2.5,68.2,91,1,1,0.1957,0
partner_302,EMEA,Manufacturing,Certified,3,9,improving,0,0.8,74.0,67,1,1,0.0009,0
partner_303,NA,Services,Registered,12,4,declining,8,0.5,57.1,49,1,1,0.2387,0
partner_304,NA,Retail,Registered,37,4,declining,3,3.6,26.9,33,1,1,0.4532,0
partner_305,APAC,Services,Registered,20,8,declining,0,0.5,92.9,27,4,0,0.0017,0
partner_306,NA,Services,Registered,23,6,stable,5,3.2,72.0,39,2,1,0.0488,0
partner_307,NA,Manufacturing,Certified,49,9,improving,0,0.9,93.2,0,15,0,0.0002,0
partner_308,LATAM,Manufacturing,Registered,10,4,stable,2,3.7,46.4,78,0,1,0.6113,1
partner_309,EMEA,Retail,Certified,25,6,declining,5,4.2,46.9,18,7,1,0.1708,0
partner_310,EMEA,Services,Strategic,13,9,improving,0,1.2,99.4,0,9,0,0.0002,0
partner_311,NA,Tech,Strategic,31,5,declining,2,6.1,33.6,63,0,0,0.5001,0
partner_312,NA,Services,Registered,22,5,stable,2,6.9,36.4,58,1,1,0.3157,1
partner_313,EMEA,Manufacturing,Registered,5,5,improving,4,4.0,36.7,46,5,1,0.1789,0
partner_314,NA,Retail,Registered,7,6,improving,4,4.5,36.8,49,2,1,0.5125,1
partner_315,NA,Retail,Registered,52,9,improving,0,3.6,40.6,41,3,1,0.0182,0
partner_316,NA,Manufacturing,Registered,6,8,declining,0,5.2,100.0,9,3,0,0.0,0
partner_317,NA,Manufacturing,Registered,48,6,stable,4,2.3,23.1,60,0,1,0.4357,1
partner_318,LATAM,Retail,Certified,56,5,improving,9,3.7,54.5,55,0,1,0.7129,1
partner_319,EMEA,Manufacturing,Registered,30,4,stable,7,3.5,0.0,74,0,1,0.7857,0
partner_320,APAC,Services,Strategic,21,9,stable,4,1.5,61.6,47,1,0,0.0034,0
partner_321,APAC,Tech,Registered,48,8,improving,1,1.7,67.7,27,7,1,0.0003,0
partner_322,NA,Tech,Registered,59,6,stable,6,2.1,77.7,67,1,0,0.0393,0
partner_323,NA,Retail,Registered,9,10,improving,0,1.8,94.7,0,5,0,0.0,0
partner_324,NA,Services,Registered,58,6,stable,1,3.9,44.6,32,2,0,0.0745,0
partner_325,APAC,Tech,Registered,57,3,improving,3,4.6,34.2,26,0,1,0.2299,1
partner_326,LATAM,Services,Strategic,11,10,improving,0,2.0,100.0,0,7,0,0.0,0
partner_327,APAC,Tech,Registered,6,7,improving,4,5.4,82.9,20,5,1,0.0304,0
partner_328,NA,Manufacturing,Registered,44,4,improving,3,4.1,43.8,50,1,0,0.0454,0
partner_329,LATAM,Retail,Certified,7,8,improving,4,0.7,44.5,18,2,0,0.0052,0
partner_330,EMEA,Retail,Registered,37,6,improving,4,3.1,33.0,30,1,0,0.3703,1
partner_331,LATAM,Services,Certified,6,5,declining,4,2.8,55.7,56,2,1,0.51,1
partner_332,EMEA,Tech,Registered,43,3,declining,5,7.3,3.0,32,0,1,0.9798,1
partner_333,LATAM,Tech,Certified,16,4,stable,9,4.6,25.2,34,0,1,0.747,1
partner_334,APAC,Services,Registered,8,5,improving,0,2.4,29.8,30,1,1,0.1854,1
partner_335,EMEA,Services,Registered,6,6,stable,4,2.2,41.3,54,4,0,0.3189,0
partner_336,LATAM,Services,Certified,13,6,declining,5,3.5,50.1,35,1,0,0.0951,0
partner_337,EMEA,Retail,Strategic,34,10,improving,0,0.5,91.7,4,6,0,0.0001,0
partner_338,LATAM,Manufacturing,Registered,7,6,stable,2,2.6,62.1,58,2,1,0.0656,0
partner_339,EMEA,Services,Certified,49,5,stable,3,4.6,76.7,46,1,0,0.3422,0
partner_340,APAC,Tech,Registered,38,7,declining,3,3.2,100.0,77,1,0,0.0146,0
partner_341,EMEA,Retail,Registered,20,7,declining,3,3.0,74.9,36,3,0,0.027,0
partner_342,APAC,Services,Registered,60,6,declining,8,5.3,53.5,79,0,0,0.4194,0
partner_343,APAC,Tech,Certified,41,7,stable,1,3.1,69.4,28,2,1,0.0033,0
partner_344,NA,Manufacturing,Registered,41,8,declining,0,2.3,73.0,27,4,1,0.0476,0
partner_345,LATAM,Services,Certified,13,5,declining,2,5.9,69.8,29,1,0,0.1611,0
partner_346,LATAM,Manufacturing,Registered,44,4,stable,7,5.1,20.5,67,0,1,0.7933,1
partner_347,APAC,Tech,Strategic,35,7,improving,9,3.1,39.9,20,2,1,0.0031,0
partner_348,EMEA,Tech,Certified,60,5,improving,2,6.2,24.8,56,0,1,0.3625,0
partner_349,NA,Tech,Registered,30,6,declining,5,4.6,27.5,44,0,1,0.7636,0
partner_350,EMEA,Retail,Registered,42,7,stable,4,4.0,54.0,64,4,1,0.2696,0
partner_351,LATAM,Services,Registered,22,6,stable,3,2.2,45.8,14,3,1,0.0046,0
partner_352,EMEA,Services,Strategic,5,5,stable,8,5.6,21.6,80,0,1,0.7362,1
partner_353,NA,Retail,Registered,10,5,improving,13,4.3,32.0,48,0,1,0.4571,1
partner_354,NA,Tech,Certified,53,6,improving,8,3.3,57.0,59,0,1,0.0689,0
partner_355,NA,Services,Registered,45,3,stable,1,2.7,50.8,67,3,1,0.2256,0
partner_356,NA,Retail,Certified,24,6,declining,1,4.7,19.9,35,0,1,0.1832,0
partner_357,LATAM,Tech,Registered,43,5,stable,4,5.2,82.4,33,2,1,0.2204,0
partner_358,LATAM,Tech,Certified,3,6,improving,4,3.7,20.8,99,1,1,0.8416,1
partner_359,NA,Manufacturing,Strategic,5,4,improving,9,5.8,39.4,42,0,1,0.6851,0
partner_360,NA,Retail,Registered,32,9,declining,1,2.2,99.2,0,6,1,0.0002,0
partner_361,APAC,Manufacturing,Certified,39,6,stable,1,5.0,60.0,40,1,0,0.1438,1
partner_362,EMEA,Tech,Registered,57,4,declining,4,7.7,49.7,43,0,0,0.456,0
partner_363,EMEA,Manufacturing,Registered,47,4,declining,3,3.1,56.5,53,1,0,0.8797,0
partner_364,EMEA,Retail,Strategic,17,7,stable,3,0.6,38.7,52,4,0,0.0092,0
partner_365,LATAM,Tech,Certified,50,6,stable,3,2.0,69.4,24,1,0,0.0011,0
partner_366,NA,Tech,Certified,31,7,stable,6,5.5,38.9,17,2,1,0.2103,0
partner_367,LATAM,Retail,Registered,50,10,stable,1,0.7,97.7,11,6,1,0.0,0
partner_368,LATAM,Retail,Registered,13,9,improving,2,0.9,82.2,57,4,0,0.0047,0
partner_369,NA,Retail,Registered,4,6,improving,2,5.6,44.8,29,2,0,0.0077,0
partner_370,APAC,Tech,Certified,6,6,improving,0,3.5,62.0,74,0,1,0.0005,0
partner_371,LATAM,Retail,Registered,60,4,declining,10,4.9,32.6,104,0,1,0.9057,1
partner_372,EMEA,Services,Registered,7,7,declining,3,3.3,77.0,57,3,1,0.4083,0
partner_373,NA,Tech,Registered,57,5,improving,6,5.4,71.5,43,1,0,0.073,0
partner_374,NA,Services,Registered,45,7,declining,1,2.1,56.1,49,2,0,0.0199,0
partner_375,EMEA,Services,Registered,11,7,improving,4,5.1,53.9,52,4,0,0.0112,0
partner_376,EMEA,Retail,Registered,53,10,improving,1,2.3,74.0,0,5,1,0.0001,0
partner_377,APAC,Manufacturing,Strategic,11,8,improving,3,6.4,38.6,50,2,1,0.2417,0
partner_378,NA,Services,Certified,11,5,declining,2,4.6,42.9,12,2,1,0.0456,0
partner_379,NA,Manufacturing,Registered,36,2,stable,9,6.5,13.6,58,0,0,0.8419,1
partner_380,LATAM,Tech,Certified,19,5,stable,1,3.5,52.3,30,2,0,0.0249,0
partner_381,NA,Tech,Certified,19,9,declining,1,3.9,36.2,42,3,1,0.0348,0
partner_382,APAC,Retail,Registered,14,10,improving,0,0.6,100.0,13,6,0,0.0001,0
partner_383,LATAM,Tech,Registered,38,9,improving,0,3.2,53.6,18,4,0,0.0004,0
partner_384,NA,Services,Registered,4,8,stable,1,2.1,52.3,17,4,0,0.0041,0
partner_385,NA,Services,Registered,17,6,declining,4,5.7,40.0,43,1,1,0.9212,1
partner_386,APAC,Retail,Certified,35,7,improving,3,5.8,68.0,78,1,1,0.0616,0
partner_387,LATAM,Manufacturing,Strategic,31,5,stable,3,4.4,40.1,53,2,1,0.5823,1
partner_388,APAC,Tech,Registered,43,5,improving,3,4.9,52.3,19,3,0,0.0013,0
partner_389,EMEA,Services,Certified,15,7,declining,3,3.8,65.7,24,2,0,0.0047,0
partner_390,APAC,Retail,Registered,40,7,improving,2,4.0,66.7,49,4,0,0.0009,0
partner_391,LATAM,Services,Certified,47,4,stable,5,4.3,26.6,61,0,1,0.9015,0
partner_392,EMEA,Services,Certified,25,8,improving,2,3.2,71.1,40,7,1,0.0108,0
partner_393,NA,Retail,Registered,17,1,stable,13,7.1,25.3,83,0,0,0.9412,1
partner_394,LATAM,Retail,Registered,35,6,stable,3,3.9,37.3,42,1,1,0.129,0
partner_395,EMEA,Services,Certified,36,9,improving,2,2.6,64.1,46,5,0,0.0002,0
partner_396,NA,Retail,Strategic,8,6,stable,5,4.8,27.7,62,0,1,0.344,0
partner_397,APAC,Tech,Registered,35,9,improving,1,5.8,61.1,67,2,1,0.0715,0
partner_398,EMEA,Services,Registered,11,6,declining,3,4.1,67.4,32,2,1,0.0473,0
partner_399,NA,Manufacturing,Registered,35,5,stable,3,5.1,62.8,28,1,1,0.1107,0
partner_400,NA,Tech,Certified,57,8,stable,0,2.1,75.4,26,1,0,0.0002,0
partner_401,NA,Tech,Certified,34,9,declining,4,3.4,76.4,26,0,0,0.004,0
partner_402,APAC,Retail,Certified,47,5,improving,3,2.9,77.2,52,2,1,0.0892,0
partner_403,LATAM,Services,Certified,20,4,improving,6,3.7,20.9,62,1,1,0.8013,1
partner_404,EMEA,Tech,Strategic,56,4,stable,2,4.3,21.7,37,0,1,0.4342,1
partner_405,APAC,Retail,Certified,50,10,stable,0,0.5,66.1,0,2,1,0.0001,0
partner_406,APAC,Retail,Registered,56,6,declining,4,3.5,64.1,50,1,0,0.5525,1
partner_407,EMEA,Services,Certified,46,7,improving,2,2.1,64.4,9,2,0,0.0011,0
partner_408,APAC,Retail,Registered,40,6,declining,3,1.9,39.7,29,0,0,0.0881,0
partner_409,EMEA,Services,Registered,33,7,improving,1,6.8,56.8,37,1,1,0.0279,0
partner_410,APAC,Manufacturing,Strategic,56,7,improving,2,5.3,67.9,38,3,1,0.0999,0
partner_411,LATAM,Services,Certified,52,9,declining,2,5.7,50.1,42,0,1,0.1931,0
partner_412,LATAM,Services,Strategic,27,7,stable,2,2.8,67.5,43,2,1,0.038,0
partner_413,EMEA,Services,Registered,7,7,declining,4,3.6,39.1,51,0,1,0.0891,0
partner_414,APAC,Services,Certified,3,6,improving,5,4.8,23.6,61,2,0,0.0265,0
partner_415,EMEA,Retail,Registered,16,8,stable,4,3.6,78.5,10,0,1,0.0022,0
partner_416,EMEA,Services,Registered,6,9,improving,1,2.2,74.8,12,5,0,0.0002,0
partner_417,EMEA,Tech,Registered,15,6,improving,1,2.3,43.7,109,2,1,0.6278,0
partner_418,LATAM,Tech,Certified,9,7,stable,6,4.6,67.6,44,1,1,0.0223,0
partner_419,EMEA,Services,Registered,59,8,stable,1,0.5,98.5,45,3,0,0.0008,0
partner_420,APAC,Services,Strategic,8,10,improving,0,3.3,74.5,0,8,1,0.0008,0
partner_421,LATAM,Manufacturing,Registered,39,6,declining,4,3.6,27.9,61,2,0,0.089,0
partner_422,EMEA,Tech,Registered,23,9,improving,0,3.2,73.1,12,6,0,0.0018,0
partner_423,EMEA,Tech,Certified,13,3,declining,12,8.1,0.0,73,0,0,0.993,1
partner_424,EMEA,Tech,Registered,43,8,stable,0,2.9,76.1,52,4,1,0.0119,0
partner_425,LATAM,Tech,Strategic,59,4,declining,4,2.9,34.0,86,0,1,0.646,1
partner_426,APAC,Tech,Certified,48,7,improving,0,0.7,75.7,30,1,0,0.0005,0
partner_427,EMEA,Retail,Registered,59,4,declining,5,2.2,31.2,59,0,1,0.3597,0
partner_428,APAC,Retail,Certified,37,2,stable,4,3.5,58.4,42,3,1,0.1011,1
partner_429,EMEA,Services,Certified,42,4,stable,7,2.8,21.9,38,0,1,0.5341,1
partner_430,APAC,Tech,Certified,11,7,declining,3,2.8,63.0,32,1,0,0.0292,0
partner_431,APAC,Services,Certified,52,8,improving,1,2.1,34.7,44,3,1,0.0326,0
partner_432,LATAM,Manufacturing,Certified,46,7,stable,1,1.5,56.0,44,2,0,0.002,0
partner_433,LATAM,Retail,Certified,17,5,stable,3,4.2,56.9,61,2,1,0.1778,1
partner_434,APAC,Retail,Registered,23,10,improving,0,1.7,100.0,0,6,1,0.0,0
partner_435,EMEA,Retail,Certified,38,9,stable,1,1.2,62.5,0,2,0,0.0002,0
partner_436,EMEA,Services,Strategic,3,8,stable,3,2.1,74.9,21,6,1,0.0163,0
partner_437,EMEA,Retail,Certified,50,8,declining,1,3.3,78.1,3,1,1,0.0028,0
partner_438,NA,Tech,Certified,19,3,declining,10,5.9,0.6,76,0,1,0.9618,1
partner_439,LATAM,Services,Registered,7,10,improving,1,1.6,87.0,23,7,0,0.0001,0
partner_440,LATAM,Services,Certified,22,3,declining,6,6.1,31.4,70,0,0,0.7665,0
partner_441,APAC,Retail,Strategic,51,10,improving,1,1.4,72.3,19,2,0,0.0006,0
partner_442,EMEA,Retail,Registered,18,6,stable,0,3.8,67.4,34,2,0,0.0026,0
partner_443,LATAM,Retail,Registered,34,7,stable,3,7.1,21.3,70,1,1,0.5529,0
partner_444,EMEA,Retail,Certified,50,3,stable,13,6.4,20.4,85,0,1,0.9853,1
partner_445,EMEA,Retail,Registered,4,7,declining,3,3.5,42.6,57,2,1,0.2068,1
partner_446,LATAM,Manufacturing,Certified,47,8,improving,2,0.5,62.9,16,3,0,0.0019,0
partner_447,APAC,Services,Registered,19,9,improving,0,1.2,54.5,19,8,0,0.001,0
partner_448,LATAM,Tech,Registered,43,7,stable,0,2.9,87.1,53,3,0,0.0021,0
partner_449,EMEA,Manufacturing,Certified,13,5,stable,0,3.5,53.2,41,3,1,0.2353,0
partner_450,LATAM,Retail,Certified,11,4,stable,7,4.7,5.1,53,0,1,0.896,1
partner_451,EMEA,Services,Certified,48,5,stable,4,3.6,71.4,68,3,0,0.3374,1
partner_452,APAC,Manufacturing,Certified,49,9,declining,0,0.9,88.5,10,5,1,0.0005,0
partner_453,LATAM,Services,Certified,59,5,declining,2,3.7,64.1,57,1,0,0.0511,0
partner_454,EMEA,Services,Certified,42,10,improving,0,0.5,78.8,16,4,0,0.0003,0
partner_455,EMEA,Tech,Certified,30,4,declining,6,4.8,37.7,68,0,0,0.6342,0
partner_456,EMEA,Retail,Certified,14,8,declining,1,3.1,81.2,47,1,0,0.0048,0
partner_457,APAC,Retail,Certified,20,9,improving,0,3.7,89.8,38,3,0,0.0009,0
partner_458,NA,Tech,Registered,40,7,stable,2,2.5,51.0,64,1,1,0.0265,0
partner_459,LATAM,Services,Registered,23,8,improving,1,3.7,58.7,56,2,1,0.0071,0
partner_460,LATAM,Tech,Certified,31,5,stable,8,6.1,0.0,55,0,1,0.941,1
partner_461,NA,Services,Strategic,12,7,improving,5,3.5,63.7,21,0,1,0.0162,0
partner_462,EMEA,Tech,Certified,28,6,declining,4,3.7,51.4,55,0,0,0.4675,1
partner_463,APAC,Retail,Registered,16,5,stable,0,5.7,62.8,101,1,1,0.2005,0
partner_464,NA,Tech,Certified,9,6,stable,6,1.4,75.1,36,2,0,0.016,1
partner_465,NA,Manufacturing,Registered,10,7,improving,1,1.8,48.8,0,1,0,0.0118,0
partner_466,LATAM,Manufacturing,Certified,33,6,stable,4,2.2,44.5,99,1,1,0.5102,1
partner_467,LATAM,Tech,Certified,24,4,stable,6,4.4,19.3,73,1,1,0.6393,0
partner_468,APAC,Retail,Certified,8,8,declining,0,2.0,43.3,6,6,0,0.0034,0
partner_469,EMEA,Manufacturing,Certified,32,9,declining,0,4.5,64.5,0,4,0,0.0044,0
partner_470,NA,Retail,Registered,12,6,stable,3,3.1,54.7,46,1,1,0.089,0
partner_471,NA,Services,Registered,3,4,declining,5,7.9,52.4,74,0,1,0.7468,1
partner_472,NA,Retail,Strategic,10,8,stable,3,4.0,75.7,41,1,0,0.0047,0
partner_473,EMEA,Retail,Certified,29,8,stable,2,3.2,38.8,66,2,1,0.2673,0
partner_474,EMEA,Tech,Certified,58,8,improving,2,2.4,75.2,5,3,0,0.0014,0
partner_475,EMEA,Tech,Registered,17,5,stable,9,5.7,31.3,46,1,0,0.1364,0
partner_476,NA,Tech,Registered,19,5,declining,2,4.5,16.9,54,1,1,0.4228,1
partner_477,NA,Tech,Registered,17,9,improving,3,1.8,58.0,64,1,1,0.0364,0
partner_478,LATAM,Services,Registered,23,5,stable,8,4.0,43.1,56,0,1,0.1236,0
partner_479,LATAM,Tech,Registered,44,6,improving,3,0.5,73.7,0,6,0,0.0025,0
partner_480,NA,Tech,Strategic,21,7,declining,2,6.5,33.1,63,5,0,0.3581,0
partner_481,NA,Tech,Certified,41,9,stable,0,2.6,58.6,0,3,1,0.0002,0
partner_482,EMEA,Retail,Registered,55,5,declining,7,4.5,64.1,53,0,1,0.2617,0
partner_483,NA,Manufacturing,Registered,57,5,declining,1,2.6,40.5,58,4,1,0.5473,1
partner_484,NA,Retail,Registered,35,4,stable,4,3.3,46.3,66,1,1,0.4865,1
partner_485,EMEA,Manufacturing,Certified,44,2,stable,10,3.9,0.0,47,0,1,0.9379,1
partner_486,NA,Retail,Registered,56,5,declining,1,3.2,83.4,51,0,0,0.0039,0
partner_487,NA,Services,Certified,48,7,declining,2,4.6,67.7,68,2,1,0.3144,0
partner_488,EMEA,Tech,Certified,20,6,improving,2,6.0,79.2,56,2,1,0.1665,0
partner_489,NA,Services,Registered,10,10,stable,0,3.2,62.3,13,6,0,0.0017,0
partner_490,NA,Tech,Certified,9,5,stable,3,5.8,55.5,69,0,1,0.3365,1
partner_491,LATAM,Retail,Strategic,54,7,improving,2,5.3,39.8,26,3,0,0.0917,0
partner_492,LATAM,Services,Registered,35,7,stable,0,3.2,80.2,61,4,1,0.0037,0
partner_493,LATAM,Manufacturing,Registered,20,5,improving,4,2.6,3.4,87,0,0,0.7383,0
partner_494,NA,Services,Strategic,23,4,stable,6,6.4,44.9,59,0,0,0.0944,0
partner_495,LATAM,Tech,Strategic,19,8,improving,2,1.6,69.1,43,3,0,0.0028,0
partner_496,NA,Manufacturing,Certified,49,5,declining,2,2.5,78.3,49,3,0,0.0381,0
partner_497,NA,Services,Certified,38,9,stable,0,1.0,78.0,22,1,1,0.0018,0
partner_498,LATAM,Manufacturing,Registered,54,10,declining,0,3.7,84.9,0,2,0,0.0026,0
partner_499,NA,Tech,Certified,20,7,stable,2,5.1,86.8,49,1,1,0.0678,0
partner_500,NA,Manufacturing,Registered,30,8,stable,4,0.6,95.6,0,1,1,0.0001,0
partner_501,LATAM,Manufacturing,Registered,10,3,stable,6,5.9,30.7,107,0,1,0.9595,1
partner_502,APAC,Services,Certified,59,2,declining,4,6.9,30.9,81,1,1,0.9936,1
partner_503,APAC,Tech,Strategic,32,6,stable,3,2.4,91.1,23,6,1,0.0395,0
partner_504,NA,Tech,Certified,35,9,improving,1,1.4,100.0,28,4,1,0.0003,0
partner_505,NA,Services,Registered,26,6,declining,3,5.1,55.1,20,2,0,0.034,0
partner_506,LATAM,Tech,Registered,18,6,stable,6,3.6,49.1,71,3,0,0.2521,1
partner_507,NA,Manufacturing,Strategic,58,3,declining,5,5.2,13.8,73,0,1,0.9625,1
partner_508,APAC,Tech,Strategic,31,3,improving,3,5.7,44.9,61,0,1,0.9535,1
partner_509,NA,Retail,Certified,42,6,stable,1,2.0,58.3,33,0,0,0.0114,0
partner_510,EMEA,Manufacturing,Certified,5,5,declining,4,3.3,58.7,46,0,1,0.2234,0
partner_511,EMEA,Retail,Registered,19,6,stable,1,0.5,93.4,41,1,1,0.0014,0
partner_512,APAC,Retail,Registered,49,5,improving,3,7.3,63.1,33,0,1,0.0517,0
partner_513,EMEA,Manufacturing,Registered,8,8,stable,4,4.2,63.5,23,2,1,0.0093,0
partner_514,EMEA,Manufacturing,Registered,8,4,declining,3,5.8,41.3,73,0,1,0.6694,0
partner_515,NA,Services,Registered,49,9,stable,5,1.8,48.8,51,2,1,0.0095,0
partner_516,EMEA,Retail,Certified,20,7,improving,3,4.6,78.4,9,4,1,0.0052,0
partner_517,NA,Retail,Registered,18,6,stable,0,3.5,58.7,48,0,1,0.057,0
partner_518,LATAM,Services,Registered,35,6,declining,4,6.2,56.3,51,0,1,0.4099,1
partner_519,EMEA,Retail,Certified,14,10,improving,0,1.0,74.5,0,6,0,0.0001,0
partner_520,APAC,Retail,Registered,5,3,declining,5,2.8,26.5,59,0,1,0.5328,1
partner_521,APAC,Retail,Registered,3,6,declining,2,5.3,45.3,42,3,1,0.0473,0
partner_522,NA,Tech,Certified,7,10,improving,0,1.1,100.0,20,5,0,0.0,0
partner_523,EMEA,Services,Registered,12,8,declining,0,0.5,76.0,28,3,1,0.0002,0
partner_524,LATAM,Services,Certified,43,4,declining,6,2.8,51.5,56,0,1,0.5597,0
partner_525,EMEA,Manufacturing,Strategic,20,10,improving,0,2.6,64.0,5,6,0,0.0003,0
partner_526,NA,Retail,Registered,7,7,stable,2,2.4,56.0,33,4,1,0.118,0
partner_527,APAC,Tech,Strategic,3,7,stable,2,3.8,52.4,3,3,0,0.007,0
partner_528,APAC,Tech,Strategic,30,5,declining,6,4.5,38.0,26,2,1,0.8113,1
partner_529,LATAM,Retail,Certified,51,7,declining,8,4.4,26.8,52,2,1,0.0901,1
partner_530,NA,Retail,Certified,22,9,declining,3,3.4,65.9,28,5,1,0.0284,0
partner_531,LATAM,Tech,Certified,6,4,improving,3,5.5,42.7,74,1,1,0.2658,0
partner_532,LATAM,Retail,Certified,16,6,improving,0,4.3,20.9,27,0,0,0.2286,1
partner_533,NA,Manufacturing,Certified,31,6,improving,7,4.8,38.7,38,0,1,0.0747,0
partner_534,LATAM,Manufacturing,Registered,13,9,declining,0,3.3,82.4,23,1,0,0.0001,0
partner_535,EMEA,Retail,Strategic,59,8,declining,1,3.7,71.6,13,7,0,0.0004,0
partner_536,EMEA,Tech,Certified,47,4,stable,3,1.4,24.0,43,0,1,0.2649,1
partner_537,NA,Services,Certified,22,3,stable,10,4.9,18.7,58,0,1,0.8432,0
partner_538,EMEA,Manufacturing,Registered,58,5,stable,0,4.4,35.1,46,3,1,0.0418,0
partner_539,EMEA,Services,Registered,21,2,improving,4,7.9,62.5,53,0,1,0.4177,0
partner_540,APAC,Tech,Certified,11,4,stable,6,6.5,49.9,50,0,0,0.441,1
partner_541,APAC,Services,Certified,57,3,declining,5,7.2,62.8,45,0,1,0.4888,0
partner_542,NA,Retail,Registered,58,5,improving,3,7.8,52.5,89,3,1,0.4325,0
partner_543,APAC,Tech,Registered,21,5,improving,10,4.5,33.3,59,0,1,0.3379,0
partner_544,APAC,Retail,Registered,37,8,improving,3,5.8,53.7,59,5,1,0.366,0
partner_545,EMEA,Tech,Certified,13,4,stable,5,5.9,40.8,55,0,1,0.2939,1
partner_546,NA,Tech,Registered,40,8,declining,0,0.9,64.9,25,2,1,0.0139,0
partner_547,NA,Retail,Strategic,43,6,declining,3,1.6,30.6,60,1,1,0.1591,1
partner_548,EMEA,Services,Registered,44,5,declining,4,3.5,69.1,43,0,1,0.0208,0
partner_549,LATAM,Tech,Registered,35,2,declining,6,5.6,39.3,58,3,0,0.6951,0
partner_550,NA,Retail,Registered,43,8,stable,3,2.8,63.9,39,0,1,0.0437,0
partner_551,NA,Retail,Certified,35,7,stable,3,3.1,66.3,27,5,0,0.0042,0
partner_552,EMEA,Tech,Registered,50,7,improving,4,6.2,64.5,34,4,0,0.0094,0
partner_553,EMEA,Tech,Certified,13,5,declining,4,4.8,11.0,78,1,0,0.1837,0
partner_554,APAC,Tech,Strategic,31,4,declining,2,6.8,32.6,25,1,1,0.0611,1
partner_555,EMEA,Retail,Registered,27,8,improving,1,3.5,99.7,57,2,0,0.0005,0
partner_556,EMEA,Services,Certified,33,5,declining,7,6.3,36.5,69,1,0,0.4011,0
partner_557,EMEA,Services,Registered,11,7,declining,2,2.9,65.2,30,4,1,0.1214,0
partner_558,NA,Tech,Registered,21,4,improving,7,4.1,55.7,69,1,1,0.5298,0
partner_559,NA,Manufacturing,Registered,58,8,declining,1,2.7,61.0,45,1,0,0.0031,0
partner_560,NA,Services,Registered,9,9,declining,1,2.0,58.9,26,2,0,0.0016,0
partner_561,EMEA,Services,Certified,39,7,declining,2,4.2,38.9,33,3,1,0.6148,1
partner_562,EMEA,Manufacturing,Certified,41,9,stable,1,4.4,55.2,0,4,0,0.0015,0
partner_563,APAC,Services,Certified,30,6,stable,8,7.9,33.5,37,0,1,0.1772,0
partner_564,LATAM,Services,Certified,4,4,declining,5,4.2,16.6,68,0,1,0.8327,0
partner_565,LATAM,Services,Certified,4,9,improving,2,1.6,63.5,22,6,1,0.0037,0
partner_566,LATAM,Tech,Registered,18,6,declining,8,5.3,64.2,46,1,1,0.0835,0
partner_567,LATAM,Retail,Registered,8,7,stable,0,4.0,71.7,54,0,1,0.1495,0
partner_568,EMEA,Retail,Registered,8,4,improving,3,1.8,36.7,39,3,0,0.0324,0
partner_569,NA,Tech,Certified,12,5,stable,6,4.7,28.9,53,1,0,0.1046,0
partner_570,NA,Tech,Strategic,14,3,stable,9,4.0,30.4,109,0,1,0.8902,1
partner_571,NA,Tech,Registered,51,5,declining,2,4.7,64.7,56,1,0,0.0715,1
partner_572,APAC,Manufacturing,Certified,40,8,declining,2,5.4,45.7,27,6,0,0.0061,0
partner_573,NA,Manufacturing,Certified,4,8,stable,2,4.0,43.6,32,6,1,0.0382,0
partner_574,LATAM,Services,Certified,39,3,improving,10,6.6,0.0,89,0,1,0.934,1
partner_575,APAC,Retail,Certified,10,7,improving,0,5.6,60.4,38,1,1,0.0073,0
partner_576,NA,Retail,Certified,27,5,improving,6,3.9,31.7,64,0,1,0.5557,1
partner_577,APAC,Services,Certified,5,8,stable,5,3.6,75.1,51,1,1,0.0275,0
partner_578,NA,Services,Strategic,8,10,stable,0,1.6,90.7,51,6,0,0.0,0
partner_579,APAC,Services,Registered,10,4,declining,9,6.3,53.2,73,0,1,0.7749,1
partner_580,NA,Services,Strategic,28,5,stable,6,2.7,53.2,60,0,1,0.3536,1
partner_581,NA,Services,Registered,29,7,stable,2,2.0,34.4,44,2,1,0.0638,0
partner_582,NA,Tech,Certified,23,5,improving,6,3.9,46.1,45,1,1,0.061,0
partner_583,EMEA,Tech,Registered,38,2,stable,3,5.7,52.6,63,0,1,0.8158,1
partner_584,NA,Retail,Registered,44,8,stable,5,6.2,37.0,65,3,1,0.2474,0
partner_585,APAC,Manufacturing,Registered,45,8,stable,2,2.0,51.0,29,2,1,0.0139,0
partner_586,LATAM,Services,Registered,36,5,declining,2,4.5,39.0,31,0,1,0.6025,0
partner_587,EMEA,Tech,Registered,34,7,stable,4,4.3,47.5,50,3,1,0.0568,0
partner_588,NA,Manufacturing,Registered,31,4,stable,5,2.6,46.8,57,0,1,0.1539,0
partner_589,EMEA,Retail,Registered,16,7,stable,4,2.6,40.7,64,2,1,0.1477,0
partner_590,EMEA,Retail,Registered,31,3,declining,9,3.4,2.3,76,0,1,0.8682,0
partner_591,APAC,Retail,Certified,3,6,stable,3,4.0,66.5,26,3,1,0.0026,0
partner_592,NA,Retail,Strategic,59,5,stable,0,1.4,65.4,15,4,0,0.0013,0
partner_593,NA,Services,Certified,24,5,declining,1,5.3,87.4,27,3,0,0.0082,0
partner_594,NA,Tech,Registered,46,8,stable,10,4.6,31.1,31,2,1,0.0403,0
partner_595,EMEA,Services,Registered,58,8,stable,2,3.8,45.5,25,0,0,0.0286,0
partner_596,EMEA,Manufacturing,Strategic,31,4,improving,8,2.7,30.1,1,3,1,0.2378,0
partner_597,LATAM,Retail,Registered,52,5,improving,4,3.6,67.4,49,2,1,0.072,0
partner_598,LATAM,Retail,Registered,30,10,improving,0,1.0,84.0,12,8,0,0.0001,0
partner_599,APAC,Services,Strategic,10,6,improving,3,4.3,63.0,82,1,0,0.0932,0
partner_600,LATAM,Retail,Strategic,4,5,improving,6,5.7,37.7,17,2,1,0.0695,0
partner_601,NA,Services,Registered,10,8,declining,0,0.8,51.2,55,8,1,0.0012,0
partner_602,LATAM,Retail,Certified,57,7,improving,0,1.5,93.9,17,6,1,0.0023,0
partner_603,APAC,Manufacturing,Registered,30,5,stable,8,7.0,44.1,32,0,0,0.1444,0
partner_604,LATAM,Services,Certified,21,8,improving,2,5.0,77.9,0,3,1,0.0079,0
partner_605,APAC,Retail,Registered,28,4,improving,3,2.1,67.2,30,2,1,0.0763,0
partner_606,LATAM,Retail,Registered,17,5,improving,5,2.6,51.3,63,1,1,0.0616,1
partner_607,APAC,Services,Certified,53,8,declining,6,2.7,57.2,52,4,0,0.0115,0
partner_608,EMEA,Retail,Registered,60,6,stable,4,4.3,34.6,39,3,1,0.0818,0
partner_609,LATAM,Tech,Certified,7,6,declining,2,0.8,57.3,54,3,0,0.0093,0
partner_610,NA,Tech,Registered,44,5,stable,3,4.1,63.4,51,1,1,0.0391,0
partner_611,NA,Retail,Strategic,22,5,improving,4,4.5,70.0,23,1,1,0.1051,0
partner_612,LATAM,Services,Certified,5,7,improving,3,2.9,55.4,70,0,1,0.1812,0
partner_613,APAC,Services,Registered,56,8,improving,1,2.5,22.9,1,5,1,0.0007,0
partner_614,APAC,Tech,Certified,6,6,stable,4,5.0,40.5,38,0,1,0.502,0
partner_615,EMEA,Services,Registered,14,4,stable,11,4.9,47.0,64,0,0,0.5326,0
partner_616,LATAM,Retail,Registered,4,3,stable,5,6.6,41.7,55,1,0,0.1989,0
partner_617,LATAM,Retail,Registered,30,9,stable,0,1.6,58.6,8,2,0,0.002,0
partner_618,NA,Manufacturing,Strategic,37,5,improving,1,4.2,59.4,14,2,1,0.063,0
partner_619,EMEA,Services,Certified,21,4,stable,8,3.8,31.6,45,0,1,0.5271,1
partner_620,EMEA,Retail,Strategic,7,9,stable,1,3.9,65.2,44,5,0,0.0036,0
partner_621,LATAM,Retail,Strategic,9,6,stable,3,1.9,28.2,41,0,1,0.383,0
partner_622,NA,Tech,Strategic,57,10,improving,0,1.9,56.9,35,3,0,0.0011,0
partner_623,APAC,Services,Registered,49,3,improving,7,3.6,45.3,72,0,1,0.7886,0
partner_624,NA,Retail,Strategic,57,3,stable,4,2.7,10.4,55,0,1,0.5939,1
partner_625,APAC,Tech,Certified,33,7,declining,8,3.1,71.9,35,1,1,0.0542,0
partner_626,NA,Manufacturing,Registered,34,6,stable,3,2.7,82.7,46,1,1,0.0236,0
partner_627,LATAM,Tech,Certified,48,6,stable,4,4.7,33.9,49,3,1,0.0995,0
partner_628,EMEA,Retail,Registered,38,6,declining,2,2.2,45.3,41,1,0,0.0837,0
partner_629,NA,Retail,Registered,28,6,stable,4,1.2,52.7,56,2,1,0.182,0
partner_630,APAC,Tech,Registered,19,8,improving,1,0.5,92.5,22,5,0,0.0002,0
partner_631,APAC,Tech,Registered,31,7,declining,3,3.1,67.2,28,4,0,0.003,0
partner_632,APAC,Services,Registered,6,9,improving,1,3.7,52.1,16,0,0,0.0041,0
partner_633,EMEA,Manufacturing,Strategic,14,6,improving,0,3.5,52.8,15,2,1,0.0518,0
partner_634,NA,Manufacturing,Certified,45,6,stable,4,3.0,54.4,57,0,0,0.0411,0
partner_635,EMEA,Services,Certified,53,5,stable,2,3.9,47.6,19,2,0,0.0294,0
partner_636,EMEA,Tech,Registered,8,4,stable,5,1.7,58.3,17,1,1,0.1849,1
partner_637,LATAM,Tech,Registered,8,5,stable,11,2.0,21.4,56,0,1,0.6702,0
partner_638,LATAM,Services,Registered,7,8,stable,2,0.5,74.9,32,3,1,0.008,0
partner_639,LATAM,Retail,Certified,48,8,improving,2,2.1,83.3,19,2,1,0.0046,0
partner_640,APAC,Manufacturing,Registered,21,5,improving,5,5.5,43.1,28,2,1,0.2666,0
partner_641,LATAM,Services,Certified,21,6,stable,3,2.1,50.4,63,0,0,0.0893,0
partner_642,APAC,Retail,Certified,3,5,stable,13,2.7,46.7,52,2,0,0.0631,0
partner_643,EMEA,Tech,Certified,59,4,improving,0,5.8,22.2,82,0,1,0.4461,0
partner_644,EMEA,Retail,Strategic,28,6,declining,6,2.7,68.6,37,1,1,0.0361,0
partner_645,LATAM,Retail,Registered,49,8,improving,0,2.6,71.2,31,2,1,0.016,0
partner_646,APAC,Tech,Strategic,44,6,declining,9,4.3,41.8,26,0,0,0.1379,0
partner_647,EMEA,Retail,Certified,11,7,improving,0,1.5,39.8,0,1,0,0.0007,0
partner_648,NA,Services,Certified,49,7,declining,4,6.7,76.5,48,1,1,0.0166,0
partner_649,LATAM,Services,Certified,34,6,declining,6,2.8,57.8,23,2,1,0.0502,0
partner_650,EMEA,Services,Certified,38,4,declining,3,7.0,23.4,67,2,1,0.737,1
partner_651,NA,Retail,Strategic,14,7,stable,2,3.5,75.1,46,2,0,0.0058,0
partner_652,APAC,Retail,Registered,52,10,improving,2,2.7,63.3,28,5,1,0.0012,0
partner_653,LATAM,Retail,Certified,57,8,improving,2,0.8,48.1,16,2,0,0.0106,0
partner_654,EMEA,Retail,Certified,26,7,stable,2,4.6,34.7,49,0,1,0.0733,0
partner_655,APAC,Services,Registered,8,6,declining,3,4.0,54.0,59,1,0,0.0881,0
partner_656,NA,Tech,Strategic,52,6,stable,2,3.1,54.1,46,2,0,0.0149,0
partner_657,APAC,Retail,Registered,54,5,improving,3,2.6,39.1,36,2,1,0.1017,0
partner_658,EMEA,Services,Certified,32,3,stable,7,5.9,43.0,18,0,0,0.4028,0
partner_659,NA,Tech,Registered,36,7,stable,3,4.5,74.3,42,5,1,0.0099,0
partner_660,NA,Retail,Registered,15,7,stable,1,2.0,73.9,55,0,0,0.0817,0
partner_661,EMEA,Retail,Certified,6,7,declining,5,2.3,55.4,47,4,1,0.2187,0
partner_662,APAC,Manufacturing,Registered,57,9,improving,1,1.7,68.9,19,4,0,0.0004,0
partner_663,EMEA,Services,Registered,31,9,declining,0,2.1,85.1,8,4,0,0.0001,0
partner_664,EMEA,Retail,Registered,18,7,stable,5,4.6,51.9,50,0,1,0.1965,0
partner_665,NA,Services,Registered,43,5,declining,4,3.3,73.2,31,0,0,0.0148,0
partner_666,LATAM,Services,Certified,4,10,improving,0,1.4,83.2,44,3,0,0.0,0
partner_667,APAC,Services,Strategic,7,9,stable,0,4.3,100.0,5,2,0,0.0002,0
partner_668,APAC,Retail,Registered,17,4,stable,4,4.3,18.7,52,0,1,0.8191,0
partner_669,EMEA,Retail,Certified,29,3,declining,5,6.2,51.3,71,0,0,0.903,1
partner_670,NA,Services,Registered,24,10,declining,0,4.5,90.3,24,3,0,0.0001,0
partner_671,EMEA,Tech,Certified,13,10,improving,0,3.9,62.6,13,4,0,0.0005,0
partner_672,NA,Manufacturing,Registered,23,3,stable,2,5.8,39.0,42,0,1,0.5722,0
partner_673,APAC,Services,Registered,22,6,stable,0,3.6,41.4,1,1,0,0.0024,0
partner_674,LATAM,Retail,Registered,33,5,declining,5,4.8,32.5,48,0,1,0.5913,1
partner_675,NA,Services,Certified,35,6,declining,9,6.9,40.8,49,1,0,0.2958,0
partner_676,NA,Services,Certified,54,6,declining,5,3.4,49.3,37,1,1,0.0805,0
partner_677,APAC,Manufacturing,Registered,49,7,stable,1,2.1,86.7,42,3,1,0.0095,0
partner_678,NA,Tech,Certified,19,6,improving,4,2.5,44.1,59,3,0,0.0692,0
partner_679,EMEA,Services,Certified,55,9,improving,2,6.7,67.8,55,2,0,0.0033,0
partner_680,NA,Tech,Registered,33,5,stable,6,7.5,43.8,44,0,1,0.3249,0
partner_681,EMEA,Manufacturing,Certified,13,0,declining,8,5.0,17.9,96,0,1,0.9815,1
partner_682,EMEA,Services,Strategic,22,6,improving,3,1.5,58.4,0,4,0,0.0033,0
partner_683,EMEA,Manufacturing,Registered,46,4,declining,7,4.5,13.7,58,0,1,0.9711,1
partner_684,NA,Retail,Certified,50,7,stable,7,3.4,33.2,54,4,0,0.0907,0
partner_685,LATAM,Retail,Registered,24,5,declining,3,5.8,13.6,48,0,1,0.7009,0
partner_686,NA,Retail,Certified,12,7,improving,0,0.9,80.3,8,4,1,0.003,0
partner_687,NA,Tech,Registered,14,6,improving,2,3.2,63.3,51,2,1,0.01,0
partner_688,APAC,Tech,Certified,9,3,stable,6,5.6,69.0,77,0,0,0.2721,1
partner_689,LATAM,Manufacturing,Registered,43,10,stable,0,2.1,94.6,40,9,0,0.0002,0
partner_690,NA,Tech,Certified,32,9,stable,0,1.7,74.4,51,3,0,0.0015,0
partner_691,EMEA,Services,Strategic,29,9,declining,6,5.1,46.6,22,2,0,0.0224,0
partner_692,APAC,Services,Registered,41,3,declining,4,6.1,31.7,57,0,1,0.4495,1
partner_693,EMEA,Retail,Strategic,51,7,stable,5,6.7,26.9,82,2,0,0.224,0
partner_694,NA,Manufacturing,Strategic,49,6,stable,0,2.1,74.6,41,4,0,0.0022,0
partner_695,APAC,Manufacturing,Strategic,10,5,improving,5,3.1,53.7,17,0,1,0.2469,0
partner_696,NA,Tech,Registered,37,10,declining,0,0.8,83.3,18,6,1,0.0003,0
partner_697,LATAM,Retail,Certified,54,6,declining,8,6.0,52.6,41,1,1,0.1631,0
partner_698,NA,Services,Registered,47,7,improving,3,1.4,76.3,31,1,1,0.0045,0
partner_699,LATAM,Services,Registered,22,4,improving,6,4.6,21.3,71,1,1,0.777,1
partner_700,EMEA,Manufacturing,Strategic,25,10,stable,0,1.6,100.0,3,5,0,0.0001,0
partner_701,EMEA,Services,Certified,54,6,improving,6,5.4,63.9,28,1,1,0.0099,0
partner_702,NA,Services,Certified,4,4,improving,5,3.7,63.2,76,2,1,0.2066,0
partner_703,EMEA,Tech,Registered,33,10,improving,0,0.5,93.3,6,6,0,0.0,0
partner_704,APAC,Manufacturing,Certified,9,3,improving,3,5.3,61.7,61,2,0,0.2435,1
partner_705,EMEA,Tech,Certified,54,8,stable,3,1.8,76.2,70,3,0,0.0013,0
partner_706,NA,Services,Registered,5,8,stable,4,1.8,57.9,37,1,0,0.0242,0
partner_707,LATAM,Retail,Strategic,4,8,declining,2,6.1,41.9,43,6,0,0.1989,0
partner_708,LATAM,Tech,Registered,22,9,stable,1,3.4,68.7,20,4,0,0.0014,0
partner_709,NA,Services,Registered,14,8,improving,0,3.7,90.4,0,2,1,0.0008,0
partner_710,NA,Retail,Certified,31,5,improving,9,5.1,48.2,19,1,1,0.1552,0
partner_711,APAC,Services,Strategic,20,10,improving,0,2.0,76.2,37,4,0,0.0,0
partner_712,LATAM,Tech,Registered,23,3,stable,4,4.2,23.3,55,0,1,0.8849,1
partner_713,APAC,Services,Registered,35,3,stable,4,4.3,10.4,116,0,1,0.96,1
partner_714,APAC,Services,Registered,35,9,improving,4,1.6,70.4,9,4,0,0.0032,0
partner_715,LATAM,Tech,Strategic,57,7,improving,0,1.2,58.6,7,5,0,0.0018,0
partner_716,EMEA,Services,Registered,30,5,stable,3,2.6,64.6,51,0,1,0.1568,1
partner_717,NA,Tech,Certified,35,4,stable,8,5.4,56.0,31,0,1,0.4206,1
partner_718,EMEA,Manufacturing,Strategic,42,8,improving,5,2.8,68.4,21,1,1,0.026,0
partner_719,LATAM,Manufacturing,Registered,13,7,stable,4,6.1,41.5,61,1,1,0.2155,0
partner_720,APAC,Services,Certified,41,9,improving,1,3.8,66.8,0,2,0,0.0002,0
partner_721,NA,Retail,Certified,52,4,stable,5,5.0,24.9,52,0,1,0.4176,1
partner_722,NA,Retail,Certified,21,10,improving,0,1.7,79.6,11,8,0,0.0001,0
partner_723,EMEA,Manufacturing,Registered,13,9,improving,4,3.6,62.5,51,6,1,0.0109,0
partner_724,APAC,Manufacturing,Registered,23,8,declining,0,2.5,62.1,43,5,1,0.0292,0
partner_725,EMEA,Tech,Registered,18,5,stable,5,2.5,46.0,99,2,1,0.4327,0
partner_726,EMEA,Retail,Certified,36,6,stable,1,3.2,39.7,38,3,1,0.0577,0
partner_727,EMEA,Tech,Certified,53,8,stable,2,0.5,74.6,0,5,0,0.0001,0
partner_728,EMEA,Services,Registered,37,8,declining,0,3.1,66.8,78,0,0,0.0051,0
partner_729,NA,Retail,Registered,10,6,improving,0,1.7,79.4,37,4,1,0.0311,0
partner_730,NA,Tech,Strategic,21,7,stable,1,3.8,69.5,11,1,0,0.0091,0
partner_731,NA,Services,Registered,42,5,stable,5,5.1,38.1,17,1,1,0.0328,0
partner_732,EMEA,Retail,Registered,22,7,stable,2,2.8,87.4,17,2,0,0.0015,0
partner_733,EMEA,Manufacturing,Certified,37,4,improving,5,4.5,13.5,50,0,1,0.6637,1
partner_734,NA,Retail,Registered,43,4,declining,6,3.3,33.8,39,1,1,0.613,1
partner_735,EMEA,Services,Registered,22,7,stable,3,3.3,26.1,11,2,1,0.1452,0
partner_736,LATAM,Manufacturing,Registered,40,8,improving,3,1.6,58.7,25,1,1,0.0033,0
partner_737,EMEA,Services,Registered,26,4,declining,4,5.3,48.2,75,0,1,0.2026,0
partner_738,NA,Retail,Certified,10,8,declining,0,2.0,77.2,0,6,1,0.0,0
partner_739,NA,Tech,Certified,24,2,declining,5,7.5,12.7,47,0,0,0.9357,0
partner_740,NA,Services,Certified,28,10,declining,0,4.7,72.8,6,6,0,0.0,0
partner_741,EMEA,Retail,Registered,3,10,improving,0,3.2,97.8,3,11,0,0.0,0
partner_742,EMEA,Retail,Certified,54,7,improving,3,3.1,60.2,72,1,0,0.0127,0
partner_743,APAC,Retail,Registered,33,4,improving,9,3.2,25.5,71,0,1,0.8208,1
partner_744,EMEA,Services,Certified,5,5,improving,3,2.8,81.1,2,0,1,0.0022,1
partner_745,NA,Manufacturing,Registered,53,4,stable,7,4.1,49.3,52,0,1,0.1227,1
partner_746,NA,Manufacturing,Certified,52,4,improving,6,4.6,37.4,62,0,0,0.2347,0
partner_747,NA,Manufacturing,Registered,3,6,declining,4,4.7,50.0,24,1,0,0.0298,0
partner_748,NA,Tech,Registered,12,6,declining,5,5.5,39.0,35,1,0,0.1088,0
partner_749,LATAM,Tech,Registered,24,7,declining,1,2.0,38.0,39,0,1,0.2423,0
partner_750,APAC,Tech,Registered,32,5,declining,10,6.8,36.8,57,0,1,0.353,0
partner_751,EMEA,Manufacturing,Registered,45,4,improving,2,5.8,57.0,45,0,0,0.065,0
partner_752,NA,Retail,Certified,27,7,improving,1,2.0,71.2,0,4,0,0.0007,0
partner_753,EMEA,Services,Certified,38,8,improving,5,4.3,62.6,20,3,0,0.013,0
partner_754,NA,Services,Registered,3,7,declining,4,3.3,46.9,41,2,0,0.0399,0
partner_755,LATAM,Tech,Strategic,41,4,declining,4,4.3,53.7,72,0,1,0.802,1
partner_756,EMEA,Manufacturing,Certified,56,6,declining,0,3.1,61.8,11,4,0,0.0059,0
partner_757,NA,Retail,Strategic,33,7,improving,2,1.9,61.4,13,3,1,0.0018,0
partner_758,APAC,Services,Certified,29,4,stable,2,2.2,42.0,25,1,1,0.0469,0
partner_759,EMEA,Services,Certified,20,7,improving,1,7.6,55.8,7,0,1,0.0099,0
partner_760,NA,Services,Certified,58,4,declining,7,6.1,19.4,12,0,1,0.3079,0
partner_761,LATAM,Tech,Certified,4,8,stable,1,2.7,48.2,34,4,1,0.1412,0
partner_762,EMEA,Retail,Strategic,19,7,improving,3,6.0,82.4,38,5,1,0.0074,0
partner_763,EMEA,Retail,Registered,11,9,improving,0,0.5,94.4,32,2,0,0.0,0
partner_764,EMEA,Retail,Registered,53,9,stable,4,2.8,61.5,40,1,1,0.0099,0
partner_765,APAC,Retail,Registered,30,6,stable,2,3.1,55.0,39,1,1,0.1837,0
partner_766,EMEA,Retail,Strategic,56,7,improving,0,1.4,72.3,6,3,0,0.0003,0
partner_767,EMEA,Services,Registered,41,10,improving,0,0.5,100.0,12,8,0,0.0,0
partner_768,EMEA,Retail,Certified,35,4,stable,2,3.5,46.3,63,0,0,0.1755,0
partner_769,EMEA,Retail,Certified,33,7,improving,2,0.5,62.5,33,5,1,0.0046,0
partner_770,LATAM,Services,Strategic,14,9,improving,0,0.5,67.4,0,10,0,0.0001,0
partner_771,EMEA,Manufacturing,Registered,35,5,declining,4,2.9,71.0,52,3,1,0.099,0
partner_772,NA,Services,Certified,42,8,declining,1,2.0,51.9,30,3,1,0.0111,0
partner_773,NA,Manufacturing,Strategic,58,7,stable,3,2.1,67.3,28,3,1,0.0256,0
partner_774,APAC,Services,Registered,34,6,improving,10,4.4,25.9,62,1,1,0.7706,1
partner_775,EMEA,Manufacturing,Certified,57,5,declining,3,3.5,23.0,54,1,1,0.36,1
partner_776,APAC,Tech,Registered,57,7,improving,1,0.5,65.5,52,2,0,0.0025,0
partner_777,LATAM,Manufacturing,Certified,33,9,stable,0,0.5,78.4,38,3,1,0.0074,0
partner_778,EMEA,Tech,Certified,28,10,stable,2,3.6,37.9,54,0,1,0.0306,0
partner_779,LATAM,Tech,Registered,11,6,improving,1,3.8,58.7,67,1,0,0.152,0
partner_780,APAC,Tech,Registered,18,6,improving,1,0.5,58.3,21,3,1,0.0151,0
partner_781,EMEA,Retail,Registered,53,9,declining,4,4.1,91.5,46,1,1,0.0237,0
partner_782,APAC,Services,Registered,11,6,improving,3,4.5,33.8,50,3,1,0.372,0
partner_783,NA,Retail,Certified,26,2,declining,5,8.9,16.7,85,0,1,0.9249,1
partner_784,LATAM,Retail,Registered,43,8,stable,2,6.1,69.1,41,1,0,0.0063,0
partner_785,APAC,Retail,Registered,16,4,improving,3,3.8,25.4,73,0,1,0.5765,0
partner_786,NA,Services,Certified,59,8,declining,3,2.5,55.9,6,3,0,0.0053,0
partner_787,APAC,Tech,Certified,40,10,stable,0,2.2,78.6,29,5,1,0.0002,0
partner_788,NA,Manufacturing,Certified,4,6,improving,7,5.4,72.6,63,3,0,0.1167,0
partner_789,LATAM,Services,Strategic,17,4,stable,7,4.1,39.2,88,2,1,0.3408,0
partner_790,LATAM,Retail,Registered,45,6,declining,9,6.3,41.2,48,0,1,0.381,0
partner_791,EMEA,Services,Certified,53,1,declining,4,5.6,18.5,101,0,1,0.9818,1
partner_792,NA,Tech,Registered,56,7,stable,3,2.4,48.0,37,2,1,0.3483,1
partner_793,NA,Retail,Certified,52,5,stable,7,3.0,20.1,72,0,0,0.4143,1
partner_794,EMEA,Manufacturing,Strategic,7,6,stable,1,4.7,78.3,36,2,0,0.0183,0
partner_795,EMEA,Services,Certified,45,10,declining,0,2.9,97.5,34,4,0,0.0002,0
partner_796,NA,Retail,Certified,9,7,improving,4,5.2,35.1,45,2,1,0.0037,0
partner_797,EMEA,Manufacturing,Certified,7,6,stable,5,0.5,43.9,31,1,0,0.0065,0
partner_798,EMEA,Retail,Registered,43,8,declining,3,3.2,68.1,59,1,0,0.0144,0
partner_799,LATAM,Manufacturing,Certified,30,9,improving,0,4.1,85.0,10,5,0,0.0,0
partner_800,LATAM,Manufacturing,Certified,40,7,improving,1,1.1,57.1,43,5,0,0.0054,0
partner_801,LATAM,Manufacturing,Strategic,52,6,improving,5,4.9,43.7,14,2,1,0.176,0
partner_802,NA,Manufacturing,Registered,6,7,stable,3,2.7,55.3,56,2,0,0.0488,0
partner_803,APAC,Retail,Registered,33,9,declining,2,3.0,35.2,16,2,1,0.1714,1
partner_804,NA,Manufacturing,Certified,51,8,improving,2,2.3,73.2,28,2,1,0.0089,0
partner_805,EMEA,Manufacturing,Registered,28,4,declining,1,6.7,53.3,25,1,1,0.1118,0
partner_806,EMEA,Manufacturing,Registered,33,3,stable,5,5.7,47.6,29,0,1,0.3134,1
partner_807,LATAM,Retail,Registered,31,8,improving,2,2.1,56.9,21,5,0,0.0008,0
partner_808,EMEA,Tech,Certified,55,4,improving,3,7.1,41.3,31,0,0,0.0491,0
partner_809,NA,Tech,Registered,5,8,improving,2,0.5,52.7,48,3,1,0.007,0
partner_810,APAC,Retail,Registered,53,7,improving,3,1.8,60.6,24,2,1,0.0074,0
partner_811,EMEA,Retail,Registered,50,5,declining,7,6.4,50.9,50,1,1,0.2709,0
partner_812,EMEA,Tech,Strategic,50,8,declining,3,2.7,87.3,15,4,0,0.002,0
partner_813,APAC,Manufacturing,Certified,26,4,stable,8,4.4,39.5,73,0,1,0.7907,1
partner_814,NA,Retail,Registered,32,7,improving,5,3.4,32.8,45,1,0,0.4692,0
partner_815,EMEA,Services,Registered,24,4,declining,4,3.9,49.3,66,0,1,0.2487,1
partner_816,APAC,Tech,Certified,17,10,stable,0,3.0,63.3,27,8,1,0.0001,0
partner_817,APAC,Services,Registered,53,10,improving,0,0.5,95.8,23,9,0,0.0001,0
partner_818,NA,Tech,Certified,32,7,stable,6,7.9,43.1,54,1,0,0.1398,0
partner_819,LATAM,Tech,Registered,44,10,stable,3,0.5,79.1,28,4,1,0.0001,0
partner_820,EMEA,Manufacturing,Strategic,8,9,stable,0,4.7,83.1,42,0,0,0.0021,0
partner_821,EMEA,Services,Registered,48,4,declining,4,4.7,58.7,42,3,0,0.0563,0
partner_822,NA,Tech,Certified,41,8,declining,0,1.2,59.2,12,3,1,0.0135,0
partner_823,EMEA,Tech,Registered,60,0,improving,9,6.4,8.4,96,0,1,0.9727,1
partner_824,LATAM,Manufacturing,Strategic,10,10,stable,1,3.6,80.8,43,7,0,0.0005,0
partner_825,APAC,Manufacturing,Strategic,34,6,stable,3,4.6,55.9,41,3,1,0.2546,0
partner_826,EMEA,Retail,Certified,32,10,declining,0,0.5,100.0,30,4,0,0.0006,0
partner_827,NA,Tech,Registered,34,6,declining,5,5.2,40.0,66,0,1,0.6533,1
partner_828,EMEA,Tech,Registered,6,6,improving,6,1.7,62.6,46,2,0,0.038,0
partner_829,APAC,Services,Certified,30,10,improving,0,3.3,76.6,0,4,0,0.0001,0
partner_830,EMEA,Tech,Certified,20,6,declining,7,6.3,24.6,35,0,1,0.8232,0
partner_831,LATAM,Tech,Registered,38,7,stable,4,1.4,72.9,32,2,0,0.0582,0
partner_832,NA,Services,Registered,16,8,improving,2,0.5,49.6,35,2,1,0.065,0
partner_833,NA,Tech,Registered,28,10,stable,3,2.0,48.7,1,1,0,0.0258,0
partner_834,LATAM,Retail,Certified,38,6,stable,7,3.9,23.8,9,1,1,0.2063,0
partner_835,LATAM,Retail,Certified,6,6,stable,2,3.2,65.4,33,5,0,0.0721,0
partner_836,NA,Retail,Certified,48,5,improving,4,4.4,40.3,44,2,0,0.1454,0
partner_837,LATAM,Retail,Certified,44,9,stable,0,1.7,55.7,33,5,0,0.0016,0
partner_838,APAC,Tech,Registered,6,6,improving,4,3.2,90.6,71,2,0,0.0338,0
partner_839,NA,Services,Registered,6,7,declining,7,2.1,24.9,10,1,1,0.1308,0
partner_840,NA,Manufacturing,Registered,52,9,improving,0,0.5,73.6,22,4,0,0.0,0
partner_841,EMEA,Retail,Certified,19,9,improving,1,2.3,100.0,56,7,0,0.0001,0
partner_842,LATAM,Manufacturing,Registered,52,7,declining,2,4.8,48.2,21,1,1,0.0692,0
partner_843,NA,Retail,Registered,31,6,stable,10,4.2,73.4,38,0,0,0.0159,0
partner_844,NA,Services,Registered,22,5,stable,5,2.2,62.7,63,0,0,0.0516,0
partner_845,EMEA,Retail,Registered,18,4,stable,2,7.1,18.0,63,0,0,0.751,1
partner_846,APAC,Manufacturing,Certified,41,7,stable,1,5.8,70.1,41,1,1,0.0347,1
partner_847,NA,Tech,Registered,9,7,declining,3,5.3,44.8,54,1,1,0.096,0
partner_848,LATAM,Manufacturing,Registered,26,8,declining,1,3.9,58.9,47,3,0,0.0034,0
partner_849,EMEA,Tech,Certified,23,3,stable,2,3.6,13.4,75,0,1,0.7057,1
partner_850,APAC,Services,Registered,11,4,declining,7,7.4,15.8,80,0,1,0.8967,1
partner_851,EMEA,Retail,Registered,23,8,improving,1,3.3,82.4,0,4,1,0.0003,0
partner_852,EMEA,Services,Registered,33,7,stable,0,1.4,49.6,51,2,0,0.0189,0
partner_853,APAC,Tech,Certified,42,5,declining,3,4.8,22.2,75,2,0,0.0732,0
partner_854,APAC,Services,Registered,8,7,improving,2,3.4,50.8,72,0,1,0.0719,0
partner_855,EMEA,Services,Certified,53,8,improving,1,4.3,57.6,43,2,0,0.0246,0
partner_856,NA,Services,Strategic,53,4,declining,4,6.8,45.3,101,1,1,0.6074,1
partner_857,LATAM,Retail,Certified,43,5,stable,7,5.6,23.0,64,0,1,0.6047,1
partner_858,APAC,Retail,Registered,56,10,improving,0,1.0,89.5,40,3,1,0.0102,0
partner_859,NA,Retail,Certified,27,10,declining,0,2.7,91.6,47,2,0,0.0024,0
partner_860,NA,Retail,Registered,50,10,improving,0,2.5,91.0,4,5,0,0.0007,0
partner_861,LATAM,Manufacturing,Registered,45,7,stable,1,2.1,39.6,61,1,0,0.0538,0
partner_862,LATAM,Services,Certified,35,9,improving,0,0.6,90.3,0,8,0,0.0001,0
partner_863,LATAM,Services,Registered,13,7,stable,4,5.6,79.4,11,2,0,0.0016,0
partner_864,NA,Tech,Registered,35,10,stable,5,5.4,55.8,11,0,0,0.0023,0
partner_865,EMEA,Manufacturing,Registered,55,5,declining,4,3.4,12.2,8,0,0,0.614,0
partner_866,APAC,Services,Registered,60,9,stable,2,0.5,52.2,18,6,1,0.0102,0
partner_867,APAC,Services,Registered,28,6,improving,6,6.6,27.1,55,1,1,0.1152,0
partner_868,LATAM,Retail,Certified,17,2,stable,7,9.2,8.7,71,0,1,0.9857,1
partner_869,EMEA,Tech,Strategic,46,8,stable,0,4.5,53.8,0,4,0,0.0005,0
partner_870,EMEA,Services,Registered,7,4,stable,5,4.2,47.6,9,0,1,0.1002,0
partner_871,LATAM,Tech,Certified,11,6,improving,2,4.7,60.6,28,0,1,0.1727,0
partner_872,EMEA,Tech,Registered,35,7,improving,3,1.9,44.2,20,4,1,0.0125,0
partner_873,APAC,Services,Registered,60,4,declining,2,7.0,20.5,105,1,1,0.9443,1
partner_874,NA,Services,Registered,22,7,stable,0,1.8,53.8,27,3,0,0.0071,0
partner_875,LATAM,Services,Registered,28,5,stable,4,3.1,54.4,82,0,0,0.8148,0
partner_876,APAC,Services,Registered,21,8,improving,6,3.3,40.4,25,2,0,0.0912,0
partner_877,NA,Retail,Registered,28,7,stable,6,3.5,30.2,73,2,1,0.1388,0
partner_878,NA,Tech,Registered,3,7,stable,0,4.1,64.2,37,3,1,0.0093,0
partner_879,LATAM,Tech,Certified,37,7,declining,4,2.3,41.0,25,2,1,0.1647,0
partner_880,NA,Manufacturing,Registered,37,8,stable,0,6.3,96.7,28,4,0,0.0013,0
partner_881,NA,Tech,Registered,21,3,declining,3,6.5,12.3,67,0,1,0.7528,1
partner_882,LATAM,Manufacturing,Registered,18,7,declining,2,2.5,73.2,26,2,0,0.004,0
partner_883,APAC,Tech,Certified,47,4,declining,7,3.4,48.0,26,0,1,0.5381,0
partner_884,NA,Manufacturing,Registered,13,9,improving,1,1.7,54.7,58,2,1,0.0036,0
partner_885,EMEA,Tech,Certified,5,5,declining,5,4.7,28.8,73,0,1,0.84,1
partner_886,NA,Tech,Registered,5,3,declining,7,5.0,13.7,46,0,1,0.6183,1
partner_887,NA,Retail,Registered,54,7,stable,1,2.0,80.7,35,5,0,0.0011,0
partner_888,EMEA,Retail,Strategic,24,6,stable,4,2.5,49.9,36,2,1,0.0059,0
partner_889,EMEA,Services,Registered,8,10,declining,0,2.5,100.0,32,3,0,0.0003,0
partner_890,LATAM,Tech,Registered,53,8,declining,0,4.3,98.6,15,2,1,0.0069,0
partner_891,NA,Retail,Registered,11,6,declining,3,1.8,87.2,32,4,0,0.0038,0
partner_892,APAC,Services,Strategic,22,8,stable,1,2.8,47.8,18,6,0,0.0095,0
partner_893,EMEA,Manufacturing,Certified,4,6,stable,8,1.2,31.8,55,1,0,0.0295,0
partner_894,EMEA,Retail,Certified,42,8,improving,3,1.7,51.9,25,3,1,0.0168,0
partner_895,LATAM,Tech,Strategic,43,8,declining,1,5.9,80.9,56,1,0,0.0198,0
partner_896,APAC,Retail,Registered,46,5,stable,4,6.2,52.4,60,1,1,0.4538,1
partner_897,EMEA,Manufacturing,Strategic,18,3,improving,3,5.9,42.7,111,0,0,0.8413,1
partner_898,EMEA,Retail,Registered,22,8,stable,4,1.2,71.9,28,4,0,0.002,0
partner_899,EMEA,Retail,Certified,57,2,declining,8,4.9,12.2,60,0,1,0.8649,1
partner_900,NA,Retail,Registered,50,9,declining,2,2.1,65.7,16,4,0,0.0225,0
partner_901,NA,Manufacturing,Registered,5,5,stable,5,6.2,42.9,42,3,1,0.4871,0
partner_902,EMEA,Retail,Strategic,43,4,improving,3,5.9,49.3,31,1,1,0.0625,0
partner_903,EMEA,Services,Registered,50,7,stable,3,3.2,49.7,65,2,1,0.0052,0
partner_904,NA,Retail,Strategic,35,4,improving,3,5.7,67.3,46,0,1,0.3124,0
partner_905,APAC,Manufacturing,Registered,40,10,improving,0,1.3,54.0,29,2,1,0.0035,0
partner_906,LATAM,Tech,Certified,3,6,declining,5,4.2,45.4,17,0,1,0.2747,0
partner_907,NA,Tech,Strategic,4,8,declining,3,4.4,87.5,29,3,0,0.0146,0
partner_908,EMEA,Retail,Registered,5,5,improving,4,6.2,63.9,0,2,1,0.1221,0
partner_909,EMEA,Services,Strategic,12,6,improving,1,2.0,33.0,50,3,1,0.0813,0
partner_910,EMEA,Services,Certified,60,6,declining,3,6.2,14.0,37,1,0,0.1326,0
partner_911,LATAM,Retail,Certified,39,7,stable,3,7.0,41.5,70,3,0,0.0186,0
partner_912,APAC,Retail,Registered,48,6,improving,2,1.2,59.5,53,3,1,0.0187,0
partner_913,APAC,Services,Certified,20,5,stable,5,2.6,34.6,77,0,1,0.6063,1
partner_914,APAC,Tech,Certified,57,8,improving,1,5.3,64.5,12,6,1,0.0072,0
partner_915,APAC,Retail,Registered,14,2,stable,7,5.0,33.5,77,0,1,0.6709,1
partner_916,APAC,Retail,Registered,55,9,improving,0,1.8,78.0,56,4,0,0.001,0
partner_917,EMEA,Manufacturing,Registered,4,5,stable,5,6.0,60.5,33,0,0,0.0471,0
partner_918,EMEA,Manufacturing,Strategic,4,4,stable,2,3.4,50.0,39,0,1,0.0173,0
partner_919,NA,Manufacturing,Registered,7,4,stable,3,5.1,7.0,56,0,1,0.6659,0
partner_920,NA,Services,Certified,48,5,declining,6,2.0,49.5,51,1,0,0.1145,0
partner_921,EMEA,Tech,Strategic,17,7,improving,0,3.3,75.5,29,2,0,0.0023,0
partner_922,APAC,Tech,Registered,29,7,improving,2,4.3,68.1,42,4,1,0.0057,0
partner_923,LATAM,Tech,Registered,30,6,improving,6,4.9,36.7,59,2,1,0.3067,0
partner_924,NA,Tech,Certified,48,8,declining,8,4.3,21.0,35,1,0,0.5501,0
partner_925,EMEA,Retail,Registered,23,5,improving,0,3.7,60.3,81,3,1,0.0567,0
partner_926,EMEA,Retail,Certified,3,5,stable,7,5.0,41.5,94,1,0,0.1828,0
partner_927,EMEA,Tech,Certified,25,10,stable,0,1.6,55.9,21,0,0,0.0,0
partner_928,APAC,Manufacturing,Certified,19,9,improving,0,3.4,100.0,42,3,0,0.0008,0
partner_929,NA,Retail,Registered,45,6,improving,4,1.5,60.8,48,2,1,0.2492,1
partner_930,LATAM,Tech,Certified,46,8,improving,2,6.0,47.3,10,2,0,0.0298,0
partner_931,EMEA,Manufacturing,Certified,8,5,declining,2,4.7,26.0,71,0,1,0.4872,0
partner_932,NA,Manufacturing,Registered,48,7,improving,5,7.5,50.5,23,1,0,0.0318,0
partner_933,NA,Services,Certified,7,8,declining,1,2.8,75.2,63,9,0,0.009,0
partner_934,LATAM,Services,Strategic,38,4,stable,6,5.8,32.7,49,0,1,0.8279,1
partner_935,LATAM,Manufacturing,Certified,25,7,stable,5,5.5,47.9,83,0,1,0.2032,0
partner_936,EMEA,Retail,Registered,20,8,improving,6,2.0,59.9,82,1,1,0.0904,0
partner_937,APAC,Tech,Registered,31,5,declining,3,2.8,26.6,25,1,0,0.3026,1
partner_938,EMEA,Manufacturing,Registered,21,8,stable,4,3.1,56.0,8,3,0,0.013,0
partner_939,APAC,Retail,Registered,49,4,declining,1,4.8,43.6,67,1,0,0.8722,0
partner_940,EMEA,Retail,Registered,59,4,improving,6,5.9,40.5,83,1,1,0.3603,0
partner_941,EMEA,Retail,Strategic,50,8,improving,1,2.7,80.8,39,9,0,0.0009,0
partner_942,APAC,Tech,Registered,28,7,declining,5,6.2,65.8,30,3,0,0.0152,0
partner_943,EMEA,Tech,Certified,32,3,stable,6,1.3,16.8,98,0,1,0.8657,0
partner_944,NA,Retail,Registered,28,7,improving,4,7.4,39.0,101,2,1,0.4497,0
partner_945,NA,Services,Registered,49,4,declining,3,4.7,21.5,48,0,0,0.2047,0
partner_946,EMEA,Services,Registered,35,3,stable,4,6.2,26.1,71,0,1,0.6092,1
partner_947,LATAM,Retail,Registered,30,5,improving,6,6.3,16.9,67,0,0,0.3132,0
partner_948,APAC,Services,Certified,26,8,stable,2,0.5,79.2,17,3,1,0.0037,0
partner_949,APAC,Retail,Strategic,24,9,declining,1,5.1,100.0,12,2,0,0.0317,0
partner_950,NA,Services,Strategic,35,7,improving,4,4.6,63.4,18,2,1,0.0385,0
partner_951,NA,Services,Registered,42,7,improving,1,6.1,92.9,2,2,0,0.0033,0
partner_952,EMEA,Retail,Certified,28,7,stable,5,3.9,72.1,61,1,1,0.0184,0
partner_953,EMEA,Services,Registered,49,4,declining,4,4.7,27.1,47,0,1,0.9239,0
partner_954,EMEA,Services,Strategic,50,9,improving,0,0.5,98.8,37,12,0,0.0003,0
partner_955,APAC,Services,Certified,27,3,stable,4,3.6,51.8,67,0,1,0.1273,0
partner_956,APAC,Services,Registered,55,5,declining,2,3.2,70.4,35,2,0,0.0546,0
partner_957,LATAM,Manufacturing,Registered,13,8,stable,1,2.8,69.2,45,3,0,0.009,0
partner_958,NA,Retail,Registered,57,5,stable,4,5.8,42.6,55,0,1,0.6171,1
partner_959,NA,Services,Registered,20,7,stable,3,2.1,79.6,30,1,1,0.0074,0
partner_960,NA,Manufacturing,Strategic,35,2,declining,9,5.4,2.2,85,0,1,0.994,1
partner_961,NA,Manufacturing,Certified,19,5,improving,3,3.6,75.7,25,2,0,0.0244,0
partner_962,NA,Tech,Strategic,28,4,declining,3,1.8,52.5,64,0,1,0.7652,1
partner_963,EMEA,Manufacturing,Registered,22,9,declining,1,3.9,45.2,32,2,0,0.0013,0
partner_964,EMEA,Retail,Certified,43,10,improving,0,1.2,76.3,11,2,0,0.0002,0
partner_965,APAC,Manufacturing,Registered,7,9,declining,0,2.1,73.7,25,2,1,0.0029,0
partner_966,NA,Retail,Certified,51,7,improving,0,4.9,82.2,34,3,1,0.0156,0
partner_967,APAC,Manufacturing,Registered,55,6,declining,4,2.7,46.9,52,3,0,0.0405,0
partner_968,EMEA,Services,Registered,35,4,declining,9,4.2,18.2,58,0,0,0.6014,1
partner_969,NA,Tech,Certified,34,9,stable,0,0.5,70.4,5,6,0,0.0004,0
partner_970,EMEA,Tech,Registered,43,6,improving,1,3.3,65.2,22,2,1,0.1845,0
partner_971,EMEA,Tech,Registered,14,8,declining,3,4.6,61.6,18,3,0,0.003,0
partner_972,EMEA,Services,Certified,46,7,stable,2,1.0,71.2,62,3,1,0.0394,0
partner_973,EMEA,Manufacturing,Registered,15,6,improving,2,1.4,65.1,65,2,1,0.0123,0
partner_974,APAC,Tech,Strategic,42,4,improving,8,4.6,54.2,52,2,1,0.232,1
partner_975,NA,Retail,Certified,20,3,improving,8,4.1,20.9,83,1,0,0.7373,1
partner_976,LATAM,Retail,Certified,46,5,improving,5,3.4,53.9,33,2,1,0.0439,0
partner_977,NA,Tech,Certified,48,6,stable,2,3.8,47.2,37,2,0,0.0068,0
partner_978,NA,Services,Certified,15,5,stable,1,6.1,51.9,32,7,0,0.0397,0
partner_979,NA,Manufacturing,Certified,38,5,declining,6,5.4,52.0,78,0,1,0.9316,1
partner_980,EMEA,Retail,Strategic,31,6,declining,2,4.9,30.6,42,1,1,0.8622,1
partner_981,APAC,Services,Certified,20,6,stable,5,4.7,41.7,60,1,1,0.2152,0
partner_982,APAC,Tech,Registered,37,6,improving,2,0.5,32.7,43,2,1,0.0557,0
partner_983,LATAM,Services,Registered,60,8,stable,2,3.3,54.2,31,3,1,0.0299,0
partner_984,NA,Retail,Certified,3,7,stable,4,2.3,14.4,44,2,1,0.5287,1
partner_985,EMEA,Manufacturing,Registered,58,7,declining,5,3.9,69.2,10,5,0,0.0987,0
partner_986,APAC,Services,Registered,52,5,declining,2,4.9,65.3,26,5,1,0.0258,0
partner_987,NA,Retail,Registered,33,1,declining,7,4.9,38.7,83,0,1,0.9649,1
partner_988,EMEA,Manufacturing,Certified,38,6,declining,0,4.6,71.5,0,5,1,0.0415,0
partner_989,NA,Services,Registered,24,7,improving,2,0.8,43.5,5,2,1,0.0087,0
partner_990,LATAM,Retail,Certified,10,6,improving,0,3.1,80.3,21,4,0,0.0021,0
partner_991,LATAM,Retail,Certified,36,6,stable,3,4.4,46.3,29,1,0,0.0134,0
partner_992,LATAM,Manufacturing,Certified,50,6,improving,1,0.5,78.1,90,2,1,0.0355,1
partner_993,LATAM,Tech,Registered,16,7,improving,5,4.1,18.6,40,2,0,0.0346,0
partner_994,EMEA,Retail,Certified,44,10,stable,1,0.5,84.1,0,7,1,0.0,0
partner_995,APAC,Tech,Certified,46,7,stable,5,4.5,34.0,73,1,1,0.1642,0
partner_996,NA,Services,Registered,46,5,improving,7,5.0,49.3,49,1,1,0.4938,1
partner_997,LATAM,Retail,Certified,22,7,declining,1,2.4,39.0,30,0,1,0.0352,1
partner_998,EMEA,Tech,Registered,25,7,improving,5,4.7,76.1,89,2,0,0.0244,0
partner_999,APAC,Services,Strategic,27,4,declining,8,9.0,43.5,28,0,1,0.7489,1
partner_1000,EMEA,Tech,Registered,52,9,improving,1,1.5,92.9,2,5,1,0.0,0
